"scenario","run","n_edges","n_vertices","n_test","auc_aa","auc_cn","auc_jc","auc_pa"
"Baseline",1,22,23,5,0.6,0.6,0.6,0.46
"Baseline",10,44,39,9,0.54320987654321,0.54320987654321,0.54320987654321,0.487654320987654
"Baseline",100,59,40,12,0.729166666666667,0.715277777777778,0.715277777777778,0.5625
"Baseline",101,74,46,15,0.8,0.8,0.8,0.508888888888889
"Baseline",102,75,51,15,0.748888888888889,0.744444444444444,0.74,0.551111111111111
"Baseline",103,25,24,5,0.48,0.48,0.48,0.12
"Baseline",104,35,26,7,0.857142857142857,0.857142857142857,0.857142857142857,0.704081632653061
"Baseline",105,43,33,9,0.777777777777778,0.777777777777778,0.777777777777778,0.518518518518518
"Baseline",106,32,32,6,0.75,0.75,0.75,0.722222222222222
"Baseline",107,57,40,11,0.669421487603306,0.665289256198347,0.677685950413223,0.429752066115702
"Baseline",108,55,43,11,0.772727272727273,0.772727272727273,0.772727272727273,0.524793388429752
"Baseline",109,49,33,10,0.9,0.9,0.9,0.65
"Baseline",11,38,26,8,0.875,0.875,0.875,0.484375
"Baseline",110,29,24,6,0.75,0.75,0.75,0.5
"Baseline",111,42,30,8,0.875,0.875,0.875,0.6953125
"Baseline",112,52,38,10,0.9,0.9,0.9,0.625
"Baseline",113,38,28,8,0.7890625,0.78125,0.7890625,0.609375
"Baseline",114,55,38,11,0.772727272727273,0.772727272727273,0.772727272727273,0.487603305785124
"Baseline",115,36,33,7,0.642857142857143,0.642857142857143,0.642857142857143,0.438775510204082
"Baseline",116,60,40,12,0.767361111111111,0.763888888888889,0.746527777777778,0.597222222222222
"Baseline",117,42,31,8,0.8125,0.8125,0.8125,0.4375
"Baseline",118,39,34,8,0.671875,0.6953125,0.71875,0.40625
"Baseline",119,62,42,12,0.798611111111111,0.802083333333333,0.819444444444444,0.465277777777778
"Baseline",12,63,40,13,0.911242603550296,0.911242603550296,0.85207100591716,0.659763313609468
"Baseline",120,49,38,10,0.73,0.765,0.72,0.565
"Baseline",121,31,33,6,0.666666666666667,0.666666666666667,0.666666666666667,0.527777777777778
"Baseline",122,62,38,12,0.833333333333333,0.833333333333333,0.833333333333333,0.371527777777778
"Baseline",123,51,37,10,0.765,0.755,0.76,0.62
"Baseline",124,45,33,9,0.722222222222222,0.71604938271605,0.71604938271605,0.54320987654321
"Baseline",125,60,38,12,0.767361111111111,0.767361111111111,0.756944444444445,0.586805555555555
"Baseline",126,61,41,12,0.75,0.746527777777778,0.732638888888889,0.4375
"Baseline",127,38,33,8,0.75,0.75,0.75,0.3125
"Baseline",128,63,43,13,0.698224852071006,0.698224852071006,0.695266272189349,0.423076923076923
"Baseline",129,39,31,8,0.6875,0.6875,0.6875,0.3125
"Baseline",13,60,45,12,0.708333333333333,0.708333333333333,0.708333333333333,0.506944444444444
"Baseline",130,80,48,16,0.90625,0.90625,0.90625,0.833984375
"Baseline",131,44,33,9,0.555555555555556,0.549382716049383,0.549382716049383,0.358024691358025
"Baseline",132,71,42,14,0.711734693877551,0.721938775510204,0.727040816326531,0.561224489795918
"Baseline",133,53,40,11,0.760330578512397,0.752066115702479,0.739669421487603,0.388429752066116
"Baseline",134,68,46,14,0.683673469387755,0.678571428571429,0.683673469387755,0.563775510204082
"Baseline",135,36,36,7,0.714285714285714,0.714285714285714,0.714285714285714,0.397959183673469
"Baseline",136,70,46,14,0.737244897959184,0.724489795918367,0.739795918367347,0.354591836734694
"Baseline",137,59,36,12,0.774305555555556,0.756944444444445,0.725694444444445,0.625
"Baseline",138,66,43,13,0.807692307692308,0.807692307692308,0.807692307692308,0.455621301775148
"Baseline",139,57,38,11,0.652892561983471,0.648760330578512,0.636363636363636,0.475206611570248
"Baseline",14,66,39,13,0.857988165680473,0.857988165680473,0.846153846153846,0.402366863905325
"Baseline",140,55,40,11,0.818181818181818,0.818181818181818,0.818181818181818,0.723140495867769
"Baseline",141,56,37,11,0.611570247933884,0.615702479338843,0.619834710743802,0.425619834710744
"Baseline",142,62,48,12,0.743055555555556,0.756944444444445,0.760416666666667,0.46875
"Baseline",143,52,38,10,0.8,0.8,0.8,0.355
"Baseline",144,47,36,9,0.691358024691358,0.679012345679012,0.691358024691358,0.216049382716049
"Baseline",145,72,41,14,0.642857142857143,0.637755102040816,0.653061224489796,0.397959183673469
"Baseline",146,41,34,8,0.6484375,0.625,0.6171875,0.5703125
"Baseline",147,18,19,5,0.5,0.5,0.5,0.28
"Baseline",148,62,45,12,0.875,0.875,0.875,0.503472222222222
"Baseline",149,53,35,11,0.909090909090909,0.909090909090909,0.909090909090909,0.541322314049587
"Baseline",15,56,36,11,0.747933884297521,0.752066115702479,0.756198347107438,0.528925619834711
"Baseline",150,43,33,9,0.777777777777778,0.777777777777778,0.777777777777778,0.475308641975309
"Baseline",151,45,29,9,0.697530864197531,0.685185185185185,0.697530864197531,0.333333333333333
"Baseline",152,53,39,11,0.772727272727273,0.772727272727273,0.772727272727273,0.661157024793388
"Baseline",153,49,37,10,0.8,0.8,0.8,0.63
"Baseline",154,49,36,10,0.7,0.7,0.7,0.65
"Baseline",155,32,32,6,0.666666666666667,0.666666666666667,0.666666666666667,0.444444444444444
"Baseline",156,24,25,5,0.8,0.8,0.8,0.5
"Baseline",157,52,39,10,0.75,0.75,0.75,0.24
"Baseline",158,53,43,11,0.772727272727273,0.772727272727273,0.772727272727273,0.56198347107438
"Baseline",159,43,32,9,0.777777777777778,0.777777777777778,0.777777777777778,0.450617283950617
"Baseline",16,55,38,11,0.809917355371901,0.822314049586777,0.847107438016529,0.289256198347107
"Baseline",160,51,39,10,0.83,0.81,0.805,0.415
"Baseline",161,61,43,12,0.715277777777778,0.715277777777778,0.715277777777778,0.506944444444445
"Baseline",162,31,29,6,0.75,0.75,0.75,0.361111111111111
"Baseline",163,54,43,11,0.681818181818182,0.681818181818182,0.681818181818182,0.479338842975207
"Baseline",164,58,39,12,0.833333333333333,0.833333333333333,0.833333333333333,0.583333333333333
"Baseline",165,33,34,7,0.510204081632653,0.5,0.489795918367347,0.530612244897959
"Baseline",166,40,30,8,0.6875,0.6875,0.6875,0.5078125
"Baseline",167,48,36,10,0.7,0.7,0.7,0.495
"Baseline",168,61,42,12,0.684027777777778,0.680555555555556,0.684027777777778,0.489583333333333
"Baseline",169,32,30,6,0.666666666666667,0.666666666666667,0.666666666666667,0.277777777777778
"Baseline",17,47,36,9,0.833333333333333,0.833333333333333,0.833333333333333,0.487654320987654
"Baseline",170,33,31,7,0.571428571428571,0.571428571428571,0.571428571428571,0.530612244897959
"Baseline",171,48,30,10,0.8,0.8,0.8,0.59
"Baseline",172,30,29,6,0.583333333333333,0.583333333333333,0.583333333333333,0.430555555555556
"Baseline",173,45,36,9,0.722222222222222,0.722222222222222,0.722222222222222,0.592592592592593
"Baseline",174,47,36,9,0.740740740740741,0.722222222222222,0.703703703703704,0.481481481481482
"Baseline",175,55,43,11,0.628099173553719,0.640495867768595,0.652892561983471,0.524793388429752
"Baseline",176,92,46,18,0.867283950617284,0.859567901234568,0.858024691358025,0.563271604938272
"Baseline",177,53,40,11,0.772727272727273,0.772727272727273,0.772727272727273,0.471074380165289
"Baseline",178,52,39,10,0.65,0.65,0.65,0.665
"Baseline",179,78,46,16,0.802734375,0.80859375,0.810546875,0.6015625
"Baseline",18,34,32,7,0.714285714285714,0.714285714285714,0.714285714285714,0.193877551020408
"Baseline",180,92,47,18,0.87962962962963,0.882716049382716,0.868827160493827,0.507716049382716
"Baseline",181,50,36,10,0.85,0.85,0.85,0.825
"Baseline",182,58,44,12,0.666666666666667,0.666666666666667,0.666666666666667,0.413194444444444
"Baseline",183,40,30,8,0.75,0.75,0.75,0.53125
"Baseline",184,42,37,8,0.8125,0.8125,0.8125,0.4921875
"Baseline",185,34,29,7,0.785714285714286,0.785714285714286,0.785714285714286,0.102040816326531
"Baseline",186,41,32,8,0.8125,0.8125,0.8125,0.8359375
"Baseline",187,30,28,6,0.666666666666667,0.666666666666667,0.666666666666667,0.152777777777778
"Baseline",188,60,41,12,0.729166666666667,0.725694444444444,0.701388888888889,0.597222222222222
"Baseline",189,53,41,11,0.818181818181818,0.818181818181818,0.818181818181818,0.533057851239669
"Baseline",19,35,30,7,0.785714285714286,0.785714285714286,0.785714285714286,0.510204081632653
"Baseline",190,64,40,13,0.789940828402367,0.784023668639053,0.781065088757396,0.585798816568047
"Baseline",191,43,32,9,0.777777777777778,0.777777777777778,0.777777777777778,0.506172839506173
"Baseline",192,43,33,9,0.62962962962963,0.611111111111111,0.592592592592593,0.518518518518519
"Baseline",193,59,32,12,0.875,0.875,0.875,0.625
"Baseline",194,32,32,6,0.680555555555556,0.666666666666667,0.638888888888889,0.666666666666667
"Baseline",195,53,36,11,0.863636363636364,0.863636363636364,0.863636363636364,0.578512396694215
"Baseline",196,46,39,9,0.722222222222222,0.722222222222222,0.722222222222222,0.604938271604938
"Baseline",197,46,36,9,0.777777777777778,0.777777777777778,0.777777777777778,0.604938271604938
"Baseline",198,36,31,7,0.612244897959184,0.612244897959184,0.612244897959184,0.418367346938776
"Baseline",199,62,39,12,0.875,0.875,0.875,0.635416666666667
"Baseline",2,44,33,9,0.722222222222222,0.722222222222222,0.722222222222222,0.54320987654321
"Baseline",20,48,40,10,0.75,0.75,0.75,0.49
"Baseline",200,32,34,6,0.583333333333333,0.583333333333333,0.583333333333333,0.347222222222222
"Baseline",201,61,39,12,0.71875,0.71875,0.715277777777778,0.559027777777778
"Baseline",202,60,39,12,0.847222222222222,0.840277777777778,0.854166666666667,0.59375
"Baseline",203,26,27,5,0.8,0.8,0.8,0.58
"Baseline",204,41,40,8,0.5625,0.5703125,0.5703125,0.3203125
"Baseline",205,56,45,11,0.772727272727273,0.772727272727273,0.772727272727273,0.487603305785124
"Baseline",206,41,39,8,0.6875,0.6875,0.6875,0.546875
"Baseline",207,52,40,10,0.85,0.85,0.85,0.76
"Baseline",208,56,40,11,0.764462809917355,0.772727272727273,0.743801652892562,0.628099173553719
"Baseline",209,58,39,12,0.770833333333333,0.760416666666667,0.75,0.420138888888889
"Baseline",21,68,45,14,0.795918367346939,0.798469387755102,0.803571428571428,0.548469387755102
"Baseline",210,43,33,9,0.691358024691358,0.67283950617284,0.685185185185185,0.351851851851852
"Baseline",211,52,43,10,0.8,0.8,0.8,0.3
"Baseline",212,60,45,12,0.694444444444444,0.690972222222222,0.704861111111111,0.302083333333333
"Baseline",213,39,31,8,0.75,0.75,0.75,0.4765625
"Baseline",214,62,38,12,0.881944444444444,0.885416666666667,0.888888888888889,0.524305555555556
"Baseline",215,48,34,10,0.705,0.71,0.72,0.435
"Baseline",216,35,32,7,0.785714285714286,0.785714285714286,0.785714285714286,0.448979591836735
"Baseline",217,39,35,8,0.5703125,0.5625,0.5546875,0.4375
"Baseline",218,36,34,7,0.63265306122449,0.653061224489796,0.63265306122449,0.561224489795918
"Baseline",219,66,46,13,0.807692307692308,0.807692307692308,0.807692307692308,0.556213017751479
"Baseline",22,50,34,10,0.8,0.8,0.8,0.66
"Baseline",220,70,39,14,0.821428571428571,0.821428571428571,0.821428571428571,0.288265306122449
"Baseline",221,32,29,6,0.75,0.75,0.75,0.638888888888889
"Baseline",222,52,38,10,0.8,0.8,0.8,0.485
"Baseline",223,31,28,6,0.75,0.75,0.75,0.541666666666667
"Baseline",224,64,46,13,0.807692307692308,0.807692307692308,0.807692307692308,0.636094674556213
"Baseline",225,39,31,8,0.625,0.625,0.625,0.390625
"Baseline",226,77,42,15,0.682222222222222,0.702222222222222,0.682222222222222,0.5
"Baseline",227,49,37,10,0.87,0.84,0.82,0.63
"Baseline",228,40,35,8,0.6875,0.6875,0.6875,0.40625
"Baseline",229,46,36,9,0.777777777777778,0.777777777777778,0.777777777777778,0.388888888888889
"Baseline",23,54,35,11,0.818181818181818,0.818181818181818,0.818181818181818,0.516528925619835
"Baseline",230,68,43,14,0.755102040816327,0.75,0.727040816326531,0.487244897959184
"Baseline",231,46,37,9,0.623456790123457,0.611111111111111,0.598765432098765,0.54320987654321
"Baseline",232,62,45,12,0.75,0.75,0.75,0.506944444444444
"Baseline",233,48,36,10,0.66,0.645,0.645,0.505
"Baseline",234,39,32,8,0.6875,0.6875,0.6875,0.4453125
"Baseline",235,74,42,15,0.804444444444445,0.784444444444444,0.746666666666667,0.58
"Baseline",236,39,30,8,0.6484375,0.625,0.6328125,0.4375
"Baseline",237,55,37,11,0.735537190082645,0.739669421487603,0.71900826446281,0.483471074380165
"Baseline",238,69,45,14,0.760204081632653,0.760204081632653,0.72704081632653,0.630102040816327
"Baseline",239,52,40,10,0.795,0.805,0.81,0.425
"Baseline",24,74,49,15,0.866666666666667,0.866666666666667,0.866666666666667,0.646666666666667
"Baseline",240,43,35,9,0.666666666666667,0.666666666666667,0.666666666666667,0.358024691358025
"Baseline",241,94,50,19,0.89612188365651,0.898891966759003,0.875346260387812,0.549861495844875
"Baseline",242,54,38,11,0.743801652892562,0.739669421487603,0.739669421487603,0.599173553719008
"Baseline",243,24,24,5,0.38,0.4,0.38,0.46
"Baseline",244,40,32,8,0.5625,0.5625,0.5625,0.2265625
"Baseline",245,52,36,10,0.9,0.9,0.9,0.675
"Baseline",246,48,41,10,0.55,0.55,0.555,0.485
"Baseline",247,38,33,8,0.78125,0.7578125,0.7890625,0.515625
"Baseline",248,57,41,11,0.863636363636364,0.863636363636364,0.863636363636364,0.433884297520661
"Baseline",249,61,45,12,0.722222222222222,0.711805555555556,0.697916666666667,0.440972222222222
"Baseline",25,82,48,16,0.80078125,0.79296875,0.78125,0.556640625
"Baseline",250,48,37,10,0.85,0.85,0.85,0.68
"Baseline",251,63,38,13,0.846153846153846,0.846153846153846,0.846153846153846,0.488165680473373
"Baseline",252,66,38,13,0.825443786982249,0.816568047337278,0.816568047337278,0.57396449704142
"Baseline",253,37,36,7,0.642857142857143,0.642857142857143,0.642857142857143,0.418367346938775
"Baseline",254,56,35,11,0.586776859504132,0.59504132231405,0.586776859504132,0.541322314049587
"Baseline",255,49,39,10,0.8,0.8,0.8,0.6
"Baseline",256,35,33,7,0.714285714285714,0.714285714285714,0.714285714285714,0.418367346938776
"Baseline",257,56,45,11,0.776859504132231,0.785123966942149,0.747933884297521,0.421487603305785
"Baseline",258,57,37,11,0.84297520661157,0.834710743801653,0.84297520661157,0.429752066115702
"Baseline",259,33,27,7,0.714285714285714,0.714285714285714,0.714285714285714,0.397959183673469
"Baseline",26,57,39,11,0.772727272727273,0.772727272727273,0.772727272727273,0.31404958677686
"Baseline",260,62,38,12,0.857638888888889,0.850694444444444,0.798611111111111,0.680555555555556
"Baseline",261,25,22,5,0.7,0.7,0.7,0.62
"Baseline",262,57,42,11,0.669421487603306,0.661157024793388,0.669421487603306,0.491735537190083
"Baseline",263,48,37,10,0.9,0.9,0.9,0.645
"Baseline",264,64,48,13,0.710059171597633,0.707100591715976,0.698224852071006,0.431952662721894
"Baseline",265,40,33,8,0.6015625,0.625,0.625,0.140625
"Baseline",266,62,40,12,0.805555555555556,0.784722222222222,0.743055555555556,0.642361111111111
"Baseline",267,47,38,9,0.666666666666667,0.666666666666667,0.666666666666667,0.592592592592593
"Baseline",268,68,41,14,0.719387755102041,0.721938775510204,0.729591836734694,0.464285714285714
"Baseline",269,60,42,12,0.666666666666667,0.666666666666667,0.666666666666667,0.423611111111111
"Baseline",27,36,34,7,0.571428571428571,0.571428571428571,0.571428571428571,0.377551020408163
"Baseline",270,41,35,8,0.875,0.875,0.875,0.4765625
"Baseline",271,53,34,11,0.727272727272727,0.727272727272727,0.727272727272727,0.446280991735537
"Baseline",272,48,40,10,0.7,0.7,0.7,0.645
"Baseline",273,55,37,11,0.863636363636364,0.863636363636364,0.863636363636364,0.5
"Baseline",274,44,36,9,0.722222222222222,0.722222222222222,0.722222222222222,0.41358024691358
"Baseline",275,37,29,7,0.540816326530612,0.571428571428571,0.510204081632653,0.785714285714286
"Baseline",276,62,40,12,0.833333333333333,0.833333333333333,0.833333333333333,0.545138888888889
"Baseline",277,39,33,8,0.6875,0.6875,0.6875,0.4375
"Baseline",278,43,35,9,0.728395061728395,0.734567901234568,0.716049382716049,0.333333333333333
"Baseline",279,63,48,13,0.751479289940828,0.748520710059172,0.760355029585799,0.606508875739645
"Baseline",28,43,34,9,0.777777777777778,0.777777777777778,0.777777777777778,0.598765432098765
"Baseline",280,35,34,7,0.857142857142857,0.857142857142857,0.857142857142857,0.26530612244898
"Baseline",281,44,35,9,0.592592592592593,0.611111111111111,0.592592592592593,0.512345679012346
"Baseline",282,73,45,15,0.766666666666667,0.766666666666667,0.766666666666667,0.586666666666667
"Baseline",283,43,32,9,0.666666666666667,0.666666666666667,0.666666666666667,0.228395061728395
"Baseline",284,36,32,7,0.571428571428571,0.571428571428571,0.571428571428571,0.469387755102041
"Baseline",285,32,31,6,0.75,0.75,0.75,0.388888888888889
"Baseline",286,52,36,10,0.7,0.7,0.7,0.42
"Baseline",287,31,31,6,0.708333333333333,0.666666666666667,0.680555555555556,0.236111111111111
"Baseline",288,39,33,8,0.6875,0.6875,0.6875,0.3828125
"Baseline",289,56,32,11,0.863636363636364,0.863636363636364,0.863636363636364,0.636363636363636
"Baseline",29,46,34,9,0.833333333333333,0.833333333333333,0.833333333333333,0.574074074074074
"Baseline",290,27,28,5,0.7,0.7,0.72,0.28
"Baseline",291,30,26,6,0.75,0.75,0.75,0.416666666666667
"Baseline",292,48,37,10,0.7,0.7,0.7,0.41
"Baseline",293,57,41,11,0.698347107438017,0.690082644628099,0.68595041322314,0.458677685950413
"Baseline",294,70,44,14,0.785714285714286,0.785714285714286,0.785714285714286,0.604591836734694
"Baseline",295,41,30,8,0.8125,0.8125,0.8125,0.5078125
"Baseline",296,29,25,6,0.75,0.75,0.75,0.416666666666667
"Baseline",297,52,39,10,0.75,0.75,0.75,0.425
"Baseline",298,43,37,9,0.567901234567901,0.555555555555556,0.54320987654321,0.62962962962963
"Baseline",299,71,45,14,0.892857142857143,0.892857142857143,0.892857142857143,0.665816326530612
"Baseline",3,33,33,7,0.571428571428571,0.571428571428571,0.571428571428571,0.275510204081633
"Baseline",30,10,17,5,0.5,0.5,0.5,0.2
"Baseline",300,68,39,14,0.724489795918367,0.721938775510204,0.683673469387755,0.724489795918367
"Baseline",31,50,40,10,0.82,0.81,0.825,0.61
"Baseline",32,53,40,11,0.603305785123967,0.599173553719008,0.599173553719008,0.458677685950413
"Baseline",33,51,37,10,0.725,0.72,0.725,0.51
"Baseline",34,64,42,13,0.686390532544379,0.677514792899408,0.683431952662722,0.609467455621302
"Baseline",35,46,29,9,0.790123456790123,0.777777777777778,0.753086419753086,0.561728395061728
"Baseline",36,65,45,13,0.662721893491124,0.680473372781065,0.674556213017751,0.479289940828402
"Baseline",37,36,31,7,0.714285714285714,0.714285714285714,0.704081632653061,0.336734693877551
"Baseline",38,28,27,6,0.611111111111111,0.597222222222222,0.611111111111111,0.263888888888889
"Baseline",39,76,45,15,0.833333333333333,0.833333333333333,0.833333333333333,0.535555555555556
"Baseline",4,66,48,13,0.662721893491124,0.662721893491124,0.665680473372781,0.431952662721894
"Baseline",40,35,32,7,0.591836734693878,0.571428571428571,0.561224489795918,0.397959183673469
"Baseline",41,47,41,9,0.611111111111111,0.611111111111111,0.611111111111111,0.308641975308642
"Baseline",42,69,43,14,0.767857142857143,0.772959183673469,0.785714285714286,0.625
"Baseline",43,38,30,8,0.75,0.75,0.75,0.5390625
"Baseline",44,43,35,9,0.722222222222222,0.722222222222222,0.722222222222222,0.259259259259259
"Baseline",45,24,25,5,0.64,0.6,0.56,0.58
"Baseline",46,92,51,18,0.861111111111111,0.861111111111111,0.861111111111111,0.524691358024691
"Baseline",47,33,30,7,0.5,0.5,0.5,0.26530612244898
"Baseline",48,59,43,12,0.708333333333333,0.708333333333333,0.708333333333333,0.604166666666667
"Baseline",49,49,37,10,0.835,0.805,0.805,0.495
"Baseline",5,68,36,14,0.793367346938776,0.783163265306122,0.788265306122449,0.665816326530612
"Baseline",50,58,43,12,0.6875,0.690972222222222,0.6875,0.517361111111111
"Baseline",51,58,42,12,0.732638888888889,0.756944444444445,0.770833333333333,0.625
"Baseline",52,47,35,9,0.753086419753086,0.746913580246913,0.765432098765432,0.41358024691358
"Baseline",53,40,36,8,0.578125,0.5625,0.546875,0.4296875
"Baseline",54,28,25,6,0.75,0.75,0.75,0.416666666666667
"Baseline",55,66,42,13,0.769230769230769,0.769230769230769,0.769230769230769,0.535502958579882
"Baseline",56,45,35,9,0.777777777777778,0.777777777777778,0.777777777777778,0.469135802469136
"Baseline",57,51,38,10,0.8,0.8,0.8,0.86
"Baseline",58,43,36,9,0.666666666666667,0.666666666666667,0.666666666666667,0.432098765432099
"Baseline",59,46,33,9,0.666666666666667,0.666666666666667,0.666666666666667,0.382716049382716
"Baseline",6,20,24,5,0.7,0.7,0.7,0.38
"Baseline",60,36,33,7,0.73469387755102,0.73469387755102,0.73469387755102,0.581632653061225
"Baseline",61,76,44,15,0.866666666666667,0.866666666666667,0.866666666666667,0.644444444444444
"Baseline",62,67,41,13,0.760355029585799,0.751479289940828,0.70414201183432,0.511834319526627
"Baseline",63,46,41,9,0.685185185185185,0.666666666666667,0.679012345679012,0.54320987654321
"Baseline",64,42,35,8,0.7421875,0.765625,0.78125,0.5546875
"Baseline",65,25,25,5,0.78,0.82,0.88,0.44
"Baseline",66,45,33,9,0.654320987654321,0.648148148148148,0.648148148148148,0.271604938271605
"Baseline",67,80,53,16,0.794921875,0.794921875,0.796875,0.595703125
"Baseline",68,71,43,14,0.801020408163265,0.798469387755102,0.793367346938776,0.678571428571428
"Baseline",69,47,34,9,0.759259259259259,0.759259259259259,0.759259259259259,0.487654320987654
"Baseline",7,54,35,11,0.822314049586777,0.830578512396694,0.801652892561983,0.615702479338843
"Baseline",70,65,42,13,0.769230769230769,0.769230769230769,0.769230769230769,0.535502958579882
"Baseline",71,37,33,7,0.673469387755102,0.673469387755102,0.673469387755102,0.561224489795918
"Baseline",72,45,38,9,0.555555555555556,0.555555555555556,0.555555555555556,0.222222222222222
"Baseline",73,45,38,9,0.666666666666667,0.666666666666667,0.666666666666667,0.382716049382716
"Baseline",74,54,34,11,0.818181818181818,0.818181818181818,0.818181818181818,0.557851239669422
"Baseline",75,58,40,12,0.708333333333333,0.708333333333333,0.708333333333333,0.46875
"Baseline",76,34,28,7,0.714285714285714,0.714285714285714,0.714285714285714,0.448979591836735
"Baseline",77,38,32,8,0.625,0.625,0.625,0.359375
"Baseline",78,59,38,12,0.888888888888889,0.885416666666667,0.84375,0.461805555555556
"Baseline",79,79,45,16,0.763671875,0.763671875,0.75390625,0.634765625
"Baseline",8,80,43,16,0.76953125,0.765625,0.76953125,0.677734375
"Baseline",80,37,35,7,0.612244897959184,0.642857142857143,0.642857142857143,0.438775510204082
"Baseline",81,51,37,10,0.655,0.67,0.7,0.51
"Baseline",82,52,38,10,0.71,0.68,0.675,0.51
"Baseline",83,33,30,7,0.73469387755102,0.744897959183674,0.673469387755102,0.520408163265306
"Baseline",84,53,43,11,0.636363636363636,0.636363636363636,0.636363636363636,0.541322314049587
"Baseline",85,73,43,15,0.78,0.793333333333333,0.777777777777778,0.535555555555556
"Baseline",86,57,40,11,0.71900826446281,0.739669421487603,0.71900826446281,0.5
"Baseline",87,24,24,5,0.7,0.7,0.7,0.58
"Baseline",88,45,39,9,0.833333333333333,0.833333333333333,0.833333333333333,0.54320987654321
"Baseline",89,47,39,9,0.666666666666667,0.666666666666667,0.666666666666667,0.506172839506173
"Baseline",9,58,37,12,0.649305555555556,0.666666666666667,0.663194444444444,0.513888888888889
"Baseline",90,62,40,12,0.916666666666667,0.916666666666667,0.916666666666667,0.614583333333333
"Baseline",91,49,34,10,0.63,0.645,0.63,0.6
"Baseline",92,83,49,17,0.735294117647059,0.735294117647059,0.735294117647059,0.550173010380623
"Baseline",93,61,41,12,0.833333333333333,0.833333333333333,0.833333333333333,0.677083333333333
"Baseline",94,69,37,14,0.928571428571429,0.928571428571429,0.928571428571429,0.704081632653061
"Baseline",95,76,44,15,0.762222222222222,0.76,0.76,0.522222222222222
"Baseline",96,74,40,15,0.9,0.9,0.9,0.537777777777778
"Baseline",97,36,29,7,0.857142857142857,0.857142857142857,0.857142857142857,0.642857142857143
"Baseline",98,71,49,14,0.75,0.75,0.75,0.604591836734694
"Baseline",99,53,34,11,0.954545454545455,0.954545454545455,0.954545454545455,0.65702479338843
"Suboptimal Composition",104,27,22,5,0.9,0.9,0.9,0.96
"Suboptimal Composition",119,25,21,5,0.7,0.7,0.7,0.4
"Suboptimal Composition",125,25,21,5,0.6,0.6,0.6,0.4
"Suboptimal Composition",126,26,23,5,0.4,0.4,0.4,0.1
"Suboptimal Composition",128,26,26,5,0.7,0.7,0.7,0.36
"Suboptimal Composition",13,31,27,6,0.916666666666667,0.916666666666667,0.916666666666667,0.638888888888889
"Suboptimal Composition",130,32,23,6,0.694444444444444,0.666666666666667,0.638888888888889,0.555555555555555
"Suboptimal Composition",137,26,23,5,0.7,0.7,0.7,0.46
"Suboptimal Composition",138,31,25,6,0.833333333333333,0.833333333333333,0.833333333333333,0.416666666666667
"Suboptimal Composition",14,26,26,5,0.7,0.7,0.7,0.4
"Suboptimal Composition",140,25,19,5,0.9,0.9,0.9,0.54
"Suboptimal Composition",142,28,24,6,0.916666666666667,0.916666666666667,0.916666666666667,0.388888888888889
"Suboptimal Composition",145,33,25,7,0.785714285714286,0.785714285714286,0.785714285714286,0.622448979591837
"Suboptimal Composition",154,34,29,7,0.612244897959184,0.612244897959184,0.63265306122449,0.326530612244898
"Suboptimal Composition",157,36,26,7,0.755102040816326,0.755102040816326,0.755102040816326,0.724489795918367
"Suboptimal Composition",158,31,26,6,0.916666666666667,0.916666666666667,0.916666666666667,0.361111111111111
"Suboptimal Composition",16,25,19,5,1,1,1,0.08
"Suboptimal Composition",180,25,24,5,0.6,0.6,0.6,0.16
"Suboptimal Composition",182,25,20,5,0.8,0.8,0.8,0.48
"Suboptimal Composition",190,26,21,5,0.9,0.9,0.9,0.3
"Suboptimal Composition",194,28,19,6,0.638888888888889,0.666666666666667,0.611111111111111,0.541666666666667
"Suboptimal Composition",202,37,25,7,0.785714285714286,0.785714285714286,0.785714285714286,0.653061224489796
"Suboptimal Composition",205,26,23,5,0.9,0.9,0.9,0.32
"Suboptimal Composition",208,34,27,7,0.785714285714286,0.785714285714286,0.785714285714286,0.346938775510204
"Suboptimal Composition",21,33,28,7,0.928571428571429,0.928571428571429,0.928571428571429,0.663265306122449
"Suboptimal Composition",212,39,31,8,0.7109375,0.6875,0.7109375,0.5390625
"Suboptimal Composition",222,25,18,5,0.76,0.72,0.72,0.5
"Suboptimal Composition",226,40,28,8,0.71875,0.6875,0.6640625,0.625
"Suboptimal Composition",230,38,27,8,0.6484375,0.6484375,0.6171875,0.4921875
"Suboptimal Composition",231,26,17,5,0.8,0.8,0.8,0.72
"Suboptimal Composition",232,29,22,6,0.569444444444444,0.597222222222222,0.611111111111111,0.388888888888889
"Suboptimal Composition",233,37,30,7,0.489795918367347,0.489795918367347,0.489795918367347,0.377551020408163
"Suboptimal Composition",235,28,25,6,0.708333333333333,0.680555555555556,0.680555555555556,0.319444444444444
"Suboptimal Composition",24,31,26,6,0.583333333333333,0.583333333333333,0.583333333333333,0.402777777777778
"Suboptimal Composition",241,48,35,10,0.7,0.7,0.7,0.49
"Suboptimal Composition",247,27,16,5,0.72,0.7,0.64,0.62
"Suboptimal Composition",250,27,22,5,0.7,0.7,0.7,0.46
"Suboptimal Composition",254,27,20,5,0.8,0.8,0.8,0.38
"Suboptimal Composition",255,27,25,5,0.8,0.8,0.8,0.32
"Suboptimal Composition",26,27,27,5,0.7,0.7,0.7,0.48
"Suboptimal Composition",268,28,20,6,0.791666666666667,0.777777777777778,0.763888888888889,0.527777777777778
"Suboptimal Composition",269,26,22,5,0.7,0.7,0.7,0.26
"Suboptimal Composition",279,40,27,8,0.8125,0.8125,0.8125,0.5546875
"Suboptimal Composition",282,26,24,5,1,0.96,0.98,0.9
"Suboptimal Composition",292,25,25,5,0.6,0.6,0.6,0.56
"Suboptimal Composition",294,29,25,6,0.916666666666667,0.916666666666667,0.916666666666667,0.652777777777778
"Suboptimal Composition",31,32,24,6,0.833333333333333,0.833333333333333,0.833333333333333,0.791666666666667
"Suboptimal Composition",4,33,28,7,0.63265306122449,0.653061224489796,0.612244897959184,0.561224489795918
"Suboptimal Composition",41,28,25,6,0.75,0.75,0.75,0.472222222222222
"Suboptimal Composition",46,32,26,6,0.916666666666667,0.916666666666667,0.916666666666667,0.416666666666667
"Suboptimal Composition",49,31,24,6,0.75,0.75,0.75,0.555555555555556
"Suboptimal Composition",5,28,22,6,0.833333333333333,0.833333333333333,0.833333333333333,0.541666666666667
"Suboptimal Composition",51,37,22,7,0.928571428571429,0.928571428571429,0.928571428571429,0.86734693877551
"Suboptimal Composition",67,25,23,5,0.8,0.8,0.8,0.56
"Suboptimal Composition",70,34,28,7,0.785714285714286,0.785714285714286,0.785714285714286,0.387755102040816
"Suboptimal Composition",74,37,24,7,0.908163265306122,0.887755102040816,0.887755102040816,0.357142857142857
"Suboptimal Composition",77,26,22,5,0.7,0.7,0.7,0.5
"Suboptimal Composition",78,35,25,7,0.928571428571429,0.928571428571429,0.928571428571429,0.755102040816327
"Suboptimal Composition",8,28,27,6,0.680555555555556,0.680555555555556,0.652777777777778,0.5
"Suboptimal Composition",84,37,27,7,0.785714285714286,0.785714285714286,0.785714285714286,0.520408163265306
"Suboptimal Composition",85,34,26,7,0.653061224489796,0.663265306122449,0.642857142857143,0.418367346938776
"Suboptimal Composition",9,38,26,8,0.671875,0.671875,0.65625,0.3515625
"Suboptimal Composition",91,32,23,6,0.833333333333333,0.833333333333333,0.833333333333333,0.277777777777778
"Suboptimal Composition",92,29,24,6,0.666666666666667,0.666666666666667,0.666666666666667,0.222222222222222
"Suboptimal Composition",93,31,28,6,0.791666666666667,0.763888888888889,0.708333333333333,0.569444444444444
"Suboptimal Composition",94,34,22,7,0.785714285714286,0.785714285714286,0.785714285714286,0.591836734693878
"Suboptimal Composition",95,25,23,5,0.52,0.5,0.5,0.2
"Suboptimal Composition",96,32,20,6,1,1,1,0.625
"Suboptimal Composition",98,29,23,6,0.75,0.75,0.75,0.444444444444444
"BuddyProgram",1,46,31,9,0.888888888888889,0.888888888888889,0.888888888888889,0.703703703703704
"BuddyProgram",10,48,36,10,0.72,0.715,0.71,0.57
"BuddyProgram",100,71,36,14,0.811224489795918,0.795918367346939,0.727040816326531,0.663265306122449
"BuddyProgram",101,69,41,14,0.75,0.75,0.75,0.497448979591837
"BuddyProgram",102,71,46,14,0.829081632653061,0.818877551020408,0.808673469387755,0.553571428571429
"BuddyProgram",104,55,38,11,0.533057851239669,0.56198347107438,0.570247933884297,0.475206611570248
"BuddyProgram",105,62,42,12,0.791666666666667,0.791666666666667,0.791666666666667,0.510416666666667
"BuddyProgram",106,37,34,7,0.663265306122449,0.653061224489796,0.673469387755102,0.193877551020408
"BuddyProgram",107,47,39,9,0.592592592592593,0.598765432098765,0.598765432098765,0.530864197530864
"BuddyProgram",108,67,44,13,0.798816568047337,0.810650887573964,0.813609467455621,0.618343195266272
"BuddyProgram",109,36,33,7,0.571428571428571,0.571428571428571,0.571428571428571,0.418367346938775
"BuddyProgram",11,48,39,10,0.65,0.65,0.65,0.415
"BuddyProgram",110,51,33,10,0.86,0.865,0.815,0.525
"BuddyProgram",111,43,31,9,0.833333333333333,0.845679012345679,0.858024691358025,0.580246913580247
"BuddyProgram",112,62,44,12,0.684027777777778,0.677083333333333,0.684027777777778,0.444444444444444
"BuddyProgram",113,51,36,10,0.75,0.75,0.75,0.485
"BuddyProgram",114,52,39,10,0.75,0.75,0.75,0.635
"BuddyProgram",115,39,34,8,0.7109375,0.703125,0.703125,0.3671875
"BuddyProgram",116,54,39,11,0.640495867768595,0.652892561983471,0.607438016528926,0.471074380165289
"BuddyProgram",117,55,36,11,0.665289256198347,0.665289256198347,0.669421487603306,0.471074380165289
"BuddyProgram",118,45,36,9,0.777777777777778,0.78395061728395,0.814814814814815,0.506172839506173
"BuddyProgram",119,83,47,17,0.688581314878893,0.683391003460208,0.686851211072664,0.583044982698962
"BuddyProgram",12,41,34,8,0.5625,0.5625,0.5625,0.421875
"BuddyProgram",120,47,37,9,0.777777777777778,0.777777777777778,0.777777777777778,0.592592592592593
"BuddyProgram",121,53,44,11,0.652892561983471,0.644628099173554,0.628099173553719,0.524793388429752
"BuddyProgram",122,76,44,15,0.866666666666667,0.866666666666667,0.866666666666667,0.646666666666667
"BuddyProgram",123,56,43,11,0.789256198347107,0.78099173553719,0.764462809917355,0.549586776859504
"BuddyProgram",124,33,28,7,0.714285714285714,0.714285714285714,0.714285714285714,0.561224489795918
"BuddyProgram",125,61,42,12,0.840277777777778,0.840277777777778,0.854166666666667,0.572916666666667
"BuddyProgram",126,74,42,15,0.933333333333333,0.933333333333333,0.933333333333333,0.6
"BuddyProgram",127,53,35,11,0.760330578512397,0.78099173553719,0.743801652892562,0.673553719008264
"BuddyProgram",128,57,38,11,0.752066115702479,0.768595041322314,0.731404958677686,0.652892561983471
"BuddyProgram",129,28,22,6,0.569444444444444,0.583333333333333,0.527777777777778,0.527777777777778
"BuddyProgram",13,85,51,17,0.747404844290657,0.745674740484429,0.742214532871972,0.498269896193772
"BuddyProgram",130,61,44,12,0.75,0.75,0.75,0.559027777777778
"BuddyProgram",131,58,43,12,0.75,0.75,0.75,0.465277777777778
"BuddyProgram",132,74,45,15,0.782222222222222,0.78,0.762222222222222,0.666666666666667
"BuddyProgram",133,77,47,15,0.802222222222222,0.808888888888889,0.811111111111111,0.553333333333333
"BuddyProgram",134,100,59,20,0.75,0.75,0.75,0.4325
"BuddyProgram",135,32,32,6,0.513888888888889,0.5,0.486111111111111,0.375
"BuddyProgram",136,92,50,18,0.734567901234568,0.729938271604938,0.731481481481481,0.441358024691358
"BuddyProgram",137,44,38,9,0.666666666666667,0.666666666666667,0.666666666666667,0.512345679012346
"BuddyProgram",138,62,41,12,0.791666666666667,0.791666666666667,0.791666666666667,0.427083333333333
"BuddyProgram",139,61,40,12,0.708333333333333,0.6875,0.694444444444444,0.46875
"BuddyProgram",14,74,47,15,0.717777777777778,0.7,0.682222222222222,0.56
"BuddyProgram",140,70,43,14,0.760204081632653,0.75,0.76530612244898,0.561224489795918
"BuddyProgram",141,58,39,12,0.791666666666667,0.777777777777778,0.756944444444444,0.59375
"BuddyProgram",142,87,49,17,0.84083044982699,0.832179930795848,0.828719723183391,0.558823529411765
"BuddyProgram",143,56,37,11,0.818181818181818,0.818181818181818,0.818181818181818,0.433884297520661
"BuddyProgram",144,58,35,12,0.802083333333333,0.788194444444444,0.774305555555555,0.586805555555555
"BuddyProgram",145,73,50,15,0.726666666666667,0.706666666666667,0.682222222222222,0.528888888888889
"BuddyProgram",146,42,33,8,0.609375,0.625,0.6171875,0.7421875
"BuddyProgram",147,46,31,9,0.654320987654321,0.654320987654321,0.666666666666667,0.54320987654321
"BuddyProgram",148,81,48,16,0.826171875,0.82421875,0.81640625,0.576171875
"BuddyProgram",149,49,34,10,0.65,0.63,0.64,0.49
"BuddyProgram",15,82,45,16,0.8125,0.8125,0.8125,0.8359375
"BuddyProgram",150,49,29,10,0.955,0.975,0.945,0.74
"BuddyProgram",151,40,27,8,0.6796875,0.671875,0.5703125,0.46875
"BuddyProgram",152,65,44,13,0.792899408284024,0.784023668639053,0.78698224852071,0.597633136094675
"BuddyProgram",153,50,31,10,0.75,0.75,0.75,0.44
"BuddyProgram",154,51,37,10,0.78,0.74,0.65,0.745
"BuddyProgram",155,38,26,8,0.7890625,0.75,0.7109375,0.75
"BuddyProgram",156,25,25,5,0.6,0.6,0.6,0.54
"BuddyProgram",157,62,45,12,0.833333333333333,0.833333333333333,0.833333333333333,0.833333333333333
"BuddyProgram",158,61,42,12,0.708333333333333,0.708333333333333,0.708333333333333,0.34375
"BuddyProgram",159,57,36,11,0.818181818181818,0.818181818181818,0.818181818181818,0.665289256198347
"BuddyProgram",16,47,36,9,0.777777777777778,0.777777777777778,0.777777777777778,0.530864197530864
"BuddyProgram",160,65,40,13,0.695266272189349,0.680473372781065,0.692307692307692,0.310650887573964
"BuddyProgram",161,63,41,13,0.85207100591716,0.857988165680473,0.85207100591716,0.428994082840237
"BuddyProgram",162,59,34,12,0.833333333333333,0.833333333333333,0.833333333333333,0.649305555555555
"BuddyProgram",163,64,38,13,0.846153846153846,0.846153846153846,0.846153846153846,0.497041420118343
"BuddyProgram",164,66,40,13,0.701183431952663,0.698224852071006,0.715976331360947,0.547337278106509
"BuddyProgram",165,38,33,8,0.625,0.625,0.625,0.5703125
"BuddyProgram",166,45,35,9,0.722222222222222,0.722222222222222,0.722222222222222,0.333333333333333
"BuddyProgram",167,44,37,9,0.598765432098765,0.623456790123457,0.611111111111111,0.567901234567901
"BuddyProgram",168,76,45,15,0.822222222222222,0.808888888888889,0.808888888888889,0.555555555555556
"BuddyProgram",169,41,32,8,0.75,0.75,0.75,0.359375
"BuddyProgram",17,50,37,10,0.605,0.61,0.605,0.275
"BuddyProgram",170,38,33,8,0.625,0.625,0.625,0.15625
"BuddyProgram",171,55,37,11,0.727272727272727,0.727272727272727,0.727272727272727,0.355371900826446
"BuddyProgram",172,45,33,9,0.648148148148148,0.648148148148148,0.648148148148148,0.395061728395062
"BuddyProgram",173,51,35,10,0.66,0.63,0.645,0.235
"BuddyProgram",174,75,40,15,0.933333333333333,0.926666666666667,0.902222222222222,0.588888888888889
"BuddyProgram",175,46,40,9,0.666666666666667,0.666666666666667,0.666666666666667,0.314814814814815
"BuddyProgram",176,75,47,15,0.733333333333333,0.733333333333333,0.733333333333333,0.506666666666667
"BuddyProgram",177,50,36,10,0.565,0.57,0.58,0.33
"BuddyProgram",178,55,40,11,0.731404958677686,0.735537190082645,0.731404958677686,0.495867768595041
"BuddyProgram",179,52,40,10,0.66,0.66,0.67,0.33
"BuddyProgram",18,59,33,12,0.815972222222222,0.8125,0.815972222222222,0.611111111111111
"BuddyProgram",180,78,41,16,0.84765625,0.859375,0.84765625,0.6015625
"BuddyProgram",181,59,40,12,0.875,0.875,0.875,0.548611111111111
"BuddyProgram",182,48,41,10,0.6,0.6,0.6,0.34
"BuddyProgram",183,52,33,10,0.9,0.9,0.9,0.695
"BuddyProgram",184,39,37,8,0.625,0.625,0.625,0.5234375
"BuddyProgram",185,42,36,8,0.640625,0.625,0.609375,0.390625
"BuddyProgram",186,46,33,9,0.62962962962963,0.617283950617284,0.623456790123457,0.617283950617284
"BuddyProgram",187,42,31,8,0.7578125,0.765625,0.671875,0.640625
"BuddyProgram",188,63,37,13,0.846153846153846,0.846153846153846,0.846153846153846,0.650887573964497
"BuddyProgram",189,80,56,16,0.6875,0.65625,0.611328125,0.505859375
"BuddyProgram",19,68,39,14,0.785714285714286,0.785714285714286,0.785714285714286,0.51530612244898
"BuddyProgram",190,69,40,14,0.892857142857143,0.892857142857143,0.892857142857143,0.49234693877551
"BuddyProgram",191,59,40,12,0.861111111111111,0.84375,0.8125,0.628472222222222
"BuddyProgram",192,55,35,11,0.826446280991735,0.830578512396694,0.809917355371901,0.570247933884298
"BuddyProgram",193,56,37,11,0.818181818181818,0.818181818181818,0.818181818181818,0.458677685950413
"BuddyProgram",194,56,37,11,0.789256198347107,0.776859504132231,0.727272727272727,0.619834710743802
"BuddyProgram",195,41,31,8,0.78125,0.8203125,0.765625,0.5390625
"BuddyProgram",196,43,34,9,0.58641975308642,0.561728395061728,0.561728395061728,0.487654320987654
"BuddyProgram",197,47,29,9,0.697530864197531,0.722222222222222,0.728395061728395,0.469135802469136
"BuddyProgram",199,92,49,18,0.888888888888889,0.888888888888889,0.888888888888889,0.526234567901235
"BuddyProgram",2,36,26,7,0.551020408163265,0.551020408163265,0.551020408163265,0.530612244897959
"BuddyProgram",20,63,42,13,0.846153846153846,0.846153846153846,0.846153846153846,0.633136094674556
"BuddyProgram",200,38,32,8,0.625,0.625,0.625,0.453125
"BuddyProgram",201,67,38,13,0.961538461538462,0.961538461538462,0.961538461538462,0.801775147928994
"BuddyProgram",202,63,44,13,0.659763313609467,0.656804733727811,0.63905325443787,0.535502958579882
"BuddyProgram",203,43,36,9,0.722222222222222,0.722222222222222,0.722222222222222,0.487654320987654
"BuddyProgram",204,49,37,10,0.83,0.82,0.82,0.62
"BuddyProgram",205,63,41,13,0.742603550295858,0.736686390532544,0.727810650887574,0.470414201183432
"BuddyProgram",206,60,42,12,0.625,0.625,0.625,0.402777777777778
"BuddyProgram",207,69,48,14,0.729591836734694,0.732142857142857,0.732142857142857,0.413265306122449
"BuddyProgram",208,53,43,11,0.681818181818182,0.681818181818182,0.681818181818182,0.495867768595041
"BuddyProgram",209,62,38,12,0.729166666666667,0.725694444444444,0.704861111111111,0.555555555555556
"BuddyProgram",21,87,47,17,0.870242214532872,0.858131487889273,0.875432525951557,0.493079584775086
"BuddyProgram",210,45,31,9,0.697530864197531,0.709876543209876,0.697530864197531,0.358024691358025
"BuddyProgram",211,62,41,12,0.791666666666667,0.791666666666667,0.791666666666667,0.618055555555555
"BuddyProgram",212,86,49,17,0.799307958477509,0.801038062283737,0.799307958477509,0.531141868512111
"BuddyProgram",213,47,38,9,0.833333333333333,0.833333333333333,0.833333333333333,0.709876543209877
"BuddyProgram",214,62,36,12,0.697916666666667,0.680555555555556,0.6875,0.513888888888889
"BuddyProgram",215,46,36,9,0.814814814814815,0.78395061728395,0.746913580246913,0.450617283950617
"BuddyProgram",217,52,33,10,0.7,0.7,0.7,0.545
"BuddyProgram",218,64,43,13,0.772189349112426,0.77810650887574,0.789940828402367,0.363905325443787
"BuddyProgram",219,58,38,12,0.59375,0.597222222222222,0.621527777777778,0.395833333333333
"BuddyProgram",22,54,34,11,0.694214876033058,0.694214876033058,0.694214876033058,0.268595041322314
"BuddyProgram",220,78,38,16,0.84375,0.84375,0.84375,0.615234375
"BuddyProgram",221,48,39,10,0.715,0.72,0.725,0.435
"BuddyProgram",222,57,42,11,0.636363636363636,0.636363636363636,0.636363636363636,0.433884297520661
"BuddyProgram",223,32,29,6,0.916666666666667,0.916666666666667,0.916666666666667,0.222222222222222
"BuddyProgram",224,59,41,12,0.666666666666667,0.666666666666667,0.666666666666667,0.475694444444444
"BuddyProgram",225,56,43,11,0.698347107438017,0.694214876033058,0.690082644628099,0.578512396694215
"BuddyProgram",226,72,39,14,0.857142857142857,0.857142857142857,0.857142857142857,0.5
"BuddyProgram",227,61,39,12,0.833333333333333,0.833333333333333,0.833333333333333,0.430555555555555
"BuddyProgram",228,90,39,18,0.908950617283951,0.907407407407407,0.912037037037037,0.513888888888889
"BuddyProgram",229,44,35,9,0.666666666666667,0.666666666666667,0.666666666666667,0.419753086419753
"BuddyProgram",23,38,32,8,0.6875,0.6875,0.6875,0.4375
"BuddyProgram",230,67,41,13,0.710059171597633,0.710059171597633,0.710059171597633,0.328402366863905
"BuddyProgram",231,37,26,7,0.755102040816326,0.714285714285714,0.704081632653061,0.255102040816326
"BuddyProgram",232,67,39,13,0.671597633136095,0.668639053254438,0.674556213017751,0.621301775147929
"BuddyProgram",233,86,45,17,0.891003460207612,0.894463667820069,0.910034602076125,0.593425605536332
"BuddyProgram",234,39,31,8,0.8125,0.8125,0.8125,0.5546875
"BuddyProgram",235,64,41,13,0.784023668639053,0.772189349112426,0.766272189349112,0.452662721893491
"BuddyProgram",236,49,33,10,0.85,0.85,0.85,0.625
"BuddyProgram",237,50,39,10,0.64,0.61,0.605,0.215
"BuddyProgram",238,57,37,11,0.900826446280992,0.867768595041322,0.867768595041322,0.56198347107438
"BuddyProgram",239,42,31,8,0.75,0.75,0.75,0.421875
"BuddyProgram",24,94,51,19,0.849030470914127,0.853185595567867,0.854570637119114,0.522160664819944
"BuddyProgram",240,68,46,14,0.60204081632653,0.607142857142857,0.602040816326531,0.50765306122449
"BuddyProgram",241,98,49,20,0.83875,0.845,0.85,0.42125
"BuddyProgram",242,59,42,12,0.770833333333333,0.756944444444445,0.756944444444445,0.579861111111111
"BuddyProgram",243,41,31,8,0.765625,0.7578125,0.7578125,0.359375
"BuddyProgram",244,26,29,5,0.4,0.4,0.4,0.14
"BuddyProgram",245,51,32,10,0.695,0.695,0.71,0.625
"BuddyProgram",246,61,43,12,0.777777777777778,0.784722222222222,0.795138888888889,0.659722222222222
"BuddyProgram",247,52,32,10,0.8,0.8,0.8,0.455
"BuddyProgram",248,50,36,10,0.615,0.615,0.61,0.405
"BuddyProgram",249,39,37,8,0.8125,0.8125,0.8125,0.4453125
"BuddyProgram",25,68,40,14,0.821428571428571,0.821428571428571,0.821428571428571,0.420918367346939
"BuddyProgram",250,44,36,9,0.777777777777778,0.777777777777778,0.777777777777778,0.574074074074074
"BuddyProgram",251,80,41,16,0.845703125,0.828125,0.857421875,0.44140625
"BuddyProgram",252,79,42,16,0.826171875,0.826171875,0.796875,0.5703125
"BuddyProgram",253,48,33,10,0.625,0.62,0.63,0.315
"BuddyProgram",254,57,39,11,0.909090909090909,0.909090909090909,0.909090909090909,0.68595041322314
"BuddyProgram",255,56,43,11,0.727272727272727,0.727272727272727,0.727272727272727,0.388429752066116
"BuddyProgram",256,39,35,8,0.5546875,0.5859375,0.515625,0.484375
"BuddyProgram",257,69,43,14,0.767857142857143,0.760204081632653,0.744897959183673,0.614795918367347
"BuddyProgram",258,61,40,12,0.875,0.875,0.875,0.555555555555556
"BuddyProgram",259,39,32,8,0.703125,0.6875,0.6640625,0.3359375
"BuddyProgram",26,59,37,12,0.833333333333333,0.833333333333333,0.833333333333333,0.527777777777778
"BuddyProgram",260,69,48,14,0.785714285714286,0.785714285714286,0.785714285714286,0.538265306122449
"BuddyProgram",261,25,26,5,0.6,0.6,0.6,0.72
"BuddyProgram",262,43,35,9,0.839506172839506,0.901234567901235,0.858024691358025,0.635802469135802
"BuddyProgram",263,38,34,8,0.5234375,0.5,0.4921875,0.3125
"BuddyProgram",264,52,41,10,0.555,0.555,0.55,0.43
"BuddyProgram",265,53,37,11,0.727272727272727,0.727272727272727,0.727272727272727,0.466942148760331
"BuddyProgram",266,57,40,11,0.702479338842975,0.681818181818182,0.661157024793388,0.359504132231405
"BuddyProgram",267,55,42,11,0.752066115702479,0.731404958677686,0.739669421487603,0.297520661157025
"BuddyProgram",268,65,44,13,0.789940828402367,0.77810650887574,0.763313609467456,0.485207100591716
"BuddyProgram",269,82,47,16,0.759765625,0.763671875,0.763671875,0.421875
"BuddyProgram",27,67,36,13,0.855029585798817,0.857988165680473,0.884615384615385,0.260355029585799
"BuddyProgram",270,43,36,9,0.555555555555556,0.555555555555556,0.555555555555556,0.345679012345679
"BuddyProgram",271,63,45,13,0.730769230769231,0.739644970414201,0.745562130177515,0.378698224852071
"BuddyProgram",272,53,37,11,0.727272727272727,0.727272727272727,0.727272727272727,0.458677685950413
"BuddyProgram",273,60,36,12,0.875,0.875,0.875,0.513888888888889
"BuddyProgram",274,46,32,9,0.851851851851852,0.858024691358025,0.87037037037037,0.469135802469136
"BuddyProgram",275,46,38,9,0.833333333333333,0.833333333333333,0.833333333333333,0.580246913580247
"BuddyProgram",276,57,36,11,0.888429752066116,0.888429752066116,0.87603305785124,0.805785123966942
"BuddyProgram",277,59,43,12,0.75,0.75,0.75,0.65625
"BuddyProgram",278,40,34,8,0.75,0.75,0.75,0.296875
"BuddyProgram",279,74,47,15,0.766666666666667,0.766666666666667,0.766666666666667,0.531111111111111
"BuddyProgram",28,66,41,13,0.846153846153846,0.846153846153846,0.846153846153846,0.585798816568047
"BuddyProgram",280,51,33,10,0.88,0.875,0.87,0.7
"BuddyProgram",281,76,36,15,0.782222222222222,0.78,0.755555555555556,0.488888888888889
"BuddyProgram",282,65,41,13,0.775147928994083,0.781065088757396,0.784023668639053,0.594674556213018
"BuddyProgram",283,59,37,12,0.701388888888889,0.694444444444444,0.694444444444444,0.652777777777778
"BuddyProgram",284,37,33,7,0.642857142857143,0.642857142857143,0.642857142857143,0.76530612244898
"BuddyProgram",285,31,31,6,0.5,0.5,0.5,0.180555555555556
"BuddyProgram",286,57,41,11,0.772727272727273,0.772727272727273,0.772727272727273,0.475206611570248
"BuddyProgram",287,59,44,12,0.805555555555556,0.8125,0.819444444444444,0.569444444444444
"BuddyProgram",288,62,41,12,0.677083333333333,0.666666666666667,0.65625,0.611111111111111
"BuddyProgram",289,61,38,12,0.916666666666667,0.916666666666667,0.916666666666667,0.673611111111111
"BuddyProgram",29,53,33,11,0.863636363636364,0.863636363636364,0.863636363636364,0.528925619834711
"BuddyProgram",290,35,30,7,0.448979591836735,0.428571428571429,0.408163265306122,0.316326530612245
"BuddyProgram",291,69,41,14,0.821428571428571,0.821428571428571,0.821428571428571,0.645408163265306
"BuddyProgram",292,60,45,12,0.729166666666667,0.71875,0.708333333333333,0.506944444444444
"BuddyProgram",293,52,32,10,0.76,0.765,0.735,0.56
"BuddyProgram",294,74,43,15,0.933333333333333,0.933333333333333,0.933333333333333,0.662222222222222
"BuddyProgram",295,47,34,9,0.54320987654321,0.54320987654321,0.54320987654321,0.246913580246914
"BuddyProgram",296,41,29,8,0.875,0.875,0.875,0.4453125
"BuddyProgram",297,67,39,13,0.78698224852071,0.798816568047337,0.772189349112426,0.64792899408284
"BuddyProgram",298,53,41,11,0.714876033057851,0.690082644628099,0.669421487603306,0.409090909090909
"BuddyProgram",299,56,40,11,0.863636363636364,0.863636363636364,0.863636363636364,0.603305785123967
"BuddyProgram",3,35,31,7,0.642857142857143,0.642857142857143,0.622448979591837,0.520408163265306
"BuddyProgram",30,30,27,6,0.833333333333333,0.833333333333333,0.833333333333333,0.680555555555556
"BuddyProgram",300,67,40,13,0.807692307692308,0.807692307692308,0.807692307692308,0.431952662721894
"BuddyProgram",31,76,45,15,0.9,0.9,0.9,0.595555555555556
"BuddyProgram",32,48,33,10,0.75,0.75,0.75,0.595
"BuddyProgram",33,43,33,9,0.833333333333333,0.833333333333333,0.833333333333333,0.709876543209876
"BuddyProgram",34,68,43,14,0.770408163265306,0.788265306122449,0.788265306122449,0.461734693877551
"BuddyProgram",35,55,37,11,0.582644628099174,0.603305785123967,0.578512396694215,0.491735537190083
"BuddyProgram",36,60,37,12,0.826388888888889,0.8125,0.788194444444445,0.65625
"BuddyProgram",37,57,31,11,0.909090909090909,0.909090909090909,0.909090909090909,0.636363636363636
"BuddyProgram",38,25,24,5,0.8,0.8,0.8,0.66
"BuddyProgram",39,73,40,15,0.617777777777778,0.624444444444444,0.608888888888889,0.515555555555556
"BuddyProgram",4,65,41,13,0.884615384615385,0.884615384615385,0.884615384615385,0.520710059171598
"BuddyProgram",40,46,28,9,0.790123456790123,0.796296296296296,0.759259259259259,0.555555555555556
"BuddyProgram",41,67,43,13,0.807692307692308,0.807692307692308,0.807692307692308,0.408284023668639
"BuddyProgram",42,83,40,17,0.878892733564014,0.878892733564014,0.885813148788927,0.624567474048443
"BuddyProgram",43,42,30,8,0.640625,0.640625,0.6484375,0.4765625
"BuddyProgram",44,59,36,12,0.798611111111111,0.805555555555556,0.763888888888889,0.614583333333333
"BuddyProgram",45,43,29,9,0.740740740740741,0.740740740740741,0.753086419753086,0.17283950617284
"BuddyProgram",46,89,47,18,0.822530864197531,0.825617283950617,0.83641975308642,0.523148148148148
"BuddyProgram",47,36,30,7,0.785714285714286,0.785714285714286,0.785714285714286,0.612244897959184
"BuddyProgram",48,46,34,9,0.728395061728395,0.734567901234568,0.728395061728395,0.716049382716049
"BuddyProgram",49,77,41,15,0.9,0.9,0.9,0.508888888888889
"BuddyProgram",5,48,37,10,0.8,0.8,0.8,0.545
"BuddyProgram",50,74,41,15,0.866666666666667,0.866666666666667,0.866666666666667,0.56
"BuddyProgram",51,64,39,13,0.884615384615385,0.884615384615385,0.884615384615385,0.674556213017751
"BuddyProgram",52,38,30,8,0.640625,0.640625,0.625,0.4921875
"BuddyProgram",53,31,26,6,0.694444444444444,0.680555555555556,0.694444444444444,0.430555555555556
"BuddyProgram",54,40,30,8,0.8125,0.8125,0.8125,0.3046875
"BuddyProgram",55,62,40,12,0.770833333333333,0.756944444444445,0.767361111111111,0.40625
"BuddyProgram",56,59,38,12,0.833333333333333,0.833333333333333,0.833333333333333,0.552083333333333
"BuddyProgram",57,54,38,11,0.818181818181818,0.822314049586777,0.84297520661157,0.673553719008264
"BuddyProgram",58,61,36,12,0.888888888888889,0.899305555555556,0.899305555555556,0.618055555555556
"BuddyProgram",59,49,37,10,0.775,0.76,0.725,0.4
"BuddyProgram",6,40,29,8,0.6953125,0.734375,0.671875,0.53125
"BuddyProgram",60,68,35,14,0.821428571428571,0.821428571428571,0.821428571428571,0.594387755102041
"BuddyProgram",61,79,44,16,0.75,0.765625,0.73828125,0.689453125
"BuddyProgram",62,65,39,13,0.730769230769231,0.730769230769231,0.730769230769231,0.369822485207101
"BuddyProgram",63,49,34,10,0.65,0.65,0.65,0.34
"BuddyProgram",64,64,41,13,0.727810650887574,0.736686390532544,0.751479289940828,0.446745562130177
"BuddyProgram",65,28,26,6,0.583333333333333,0.583333333333333,0.583333333333333,0.208333333333333
"BuddyProgram",66,40,29,8,0.8125,0.8125,0.8125,0.5390625
"BuddyProgram",67,94,53,19,0.868421052631579,0.868421052631579,0.868421052631579,0.551246537396122
"BuddyProgram",68,66,49,13,0.523668639053254,0.550295857988166,0.502958579881657,0.568047337278107
"BuddyProgram",69,56,37,11,0.528925619834711,0.570247933884298,0.574380165289256,0.338842975206612
"BuddyProgram",7,34,29,7,0.591836734693878,0.571428571428571,0.561224489795918,0.408163265306122
"BuddyProgram",70,93,50,19,0.792243767313019,0.806094182825485,0.814404432132964,0.480609418282548
"BuddyProgram",71,42,35,8,0.6875,0.6875,0.6875,0.390625
"BuddyProgram",72,52,36,10,0.755,0.765,0.725,0.51
"BuddyProgram",73,59,42,12,0.833333333333333,0.833333333333333,0.833333333333333,0.513888888888889
"BuddyProgram",74,74,38,15,0.833333333333333,0.833333333333333,0.833333333333333,0.406666666666667
"BuddyProgram",75,70,43,14,0.698979591836735,0.673469387755102,0.681122448979592,0.410714285714286
"BuddyProgram",76,36,32,7,0.714285714285714,0.714285714285714,0.714285714285714,0.581632653061224
"BuddyProgram",77,62,40,12,0.760416666666667,0.770833333333333,0.753472222222222,0.739583333333333
"BuddyProgram",78,85,47,17,0.84083044982699,0.835640138408305,0.83044982698962,0.697231833910035
"BuddyProgram",79,68,45,14,0.857142857142857,0.857142857142857,0.857142857142857,0.594387755102041
"BuddyProgram",8,48,33,10,0.815,0.805,0.835,0.22
"BuddyProgram",80,45,35,9,0.777777777777778,0.777777777777778,0.777777777777778,0.506172839506173
"BuddyProgram",81,55,38,11,0.710743801652893,0.710743801652893,0.727272727272727,0.301652892561984
"BuddyProgram",82,51,34,10,0.75,0.75,0.75,0.355
"BuddyProgram",83,40,30,8,0.6875,0.6875,0.6875,0.4296875
"BuddyProgram",84,81,49,16,0.90625,0.90625,0.90625,0.693359375
"BuddyProgram",85,78,49,16,0.75,0.75,0.75,0.662109375
"BuddyProgram",86,36,30,7,0.428571428571429,0.428571428571429,0.428571428571429,0.0204081632653061
"BuddyProgram",87,85,44,17,0.927335640138408,0.934256055363322,0.922145328719723,0.683391003460207
"BuddyProgram",88,53,41,11,0.636363636363636,0.636363636363636,0.636363636363636,0.347107438016529
"BuddyProgram",89,74,44,15,0.84,0.84,0.853333333333333,0.38
"BuddyProgram",9,66,45,13,0.730769230769231,0.730769230769231,0.730769230769231,0.331360946745562
"BuddyProgram",90,61,44,12,0.708333333333333,0.708333333333333,0.708333333333333,0.482638888888889
"BuddyProgram",91,71,41,14,0.625,0.647959183673469,0.635204081632653,0.459183673469388
"BuddyProgram",92,81,49,16,0.767578125,0.76171875,0.740234375,0.666015625
"BuddyProgram",93,86,43,17,0.73356401384083,0.730103806228374,0.730103806228374,0.468858131487889
"BuddyProgram",94,67,37,13,0.792899408284024,0.78698224852071,0.784023668639053,0.479289940828402
"BuddyProgram",95,66,43,13,0.819526627218935,0.816568047337278,0.79585798816568,0.571005917159763
"BuddyProgram",96,62,41,12,0.739583333333333,0.722222222222222,0.71875,0.458333333333333
"BuddyProgram",97,49,39,10,0.68,0.665,0.65,0.68
"BuddyProgram",98,66,42,13,0.784023668639053,0.784023668639053,0.745562130177515,0.399408284023669
"BuddyProgram",99,42,35,8,0.6875,0.6875,0.6875,0.1796875
"High SES Heterogeneity",1,46,37,9,0.833333333333333,0.833333333333333,0.833333333333333,0.604938271604938
"High SES Heterogeneity",10,41,31,8,0.625,0.625,0.6328125,0.359375
"High SES Heterogeneity",100,64,39,13,0.662721893491124,0.659763313609467,0.665680473372781,0.36094674556213
"High SES Heterogeneity",101,79,46,16,0.779296875,0.787109375,0.791015625,0.609375
"High SES Heterogeneity",102,69,42,14,0.885204081632653,0.875,0.839285714285714,0.612244897959184
"High SES Heterogeneity",103,45,31,9,0.808641975308642,0.802469135802469,0.808641975308642,0.425925925925926
"High SES Heterogeneity",104,46,34,9,0.777777777777778,0.777777777777778,0.777777777777778,0.537037037037037
"High SES Heterogeneity",105,67,44,13,0.680473372781065,0.70414201183432,0.674556213017752,0.576923076923077
"High SES Heterogeneity",106,32,27,6,0.75,0.777777777777778,0.736111111111111,0.666666666666667
"High SES Heterogeneity",107,58,42,12,0.638888888888889,0.638888888888889,0.638888888888889,0.458333333333333
"High SES Heterogeneity",108,50,40,10,0.725,0.71,0.7,0.53
"High SES Heterogeneity",109,35,32,7,0.683673469387755,0.683673469387755,0.683673469387755,0.418367346938776
"High SES Heterogeneity",11,53,41,11,0.590909090909091,0.590909090909091,0.590909090909091,0.293388429752066
"High SES Heterogeneity",110,42,34,8,0.75,0.75,0.75,0.46875
"High SES Heterogeneity",111,63,39,13,0.769230769230769,0.769230769230769,0.769230769230769,0.369822485207101
"High SES Heterogeneity",112,25,29,5,0.58,0.54,0.5,0.46
"High SES Heterogeneity",113,72,44,14,0.655612244897959,0.650510204081633,0.645408163265306,0.451530612244898
"High SES Heterogeneity",114,62,45,12,0.548611111111111,0.527777777777778,0.506944444444444,0.298611111111111
"High SES Heterogeneity",115,70,43,14,0.785714285714286,0.785714285714286,0.785714285714286,0.49234693877551
"High SES Heterogeneity",116,62,50,12,0.611111111111111,0.625,0.631944444444445,0.555555555555556
"High SES Heterogeneity",117,48,35,10,0.8,0.8,0.8,0.72
"High SES Heterogeneity",118,63,46,13,0.659763313609467,0.653846153846154,0.64792899408284,0.591715976331361
"High SES Heterogeneity",119,59,41,12,0.649305555555556,0.652777777777778,0.65625,0.347222222222222
"High SES Heterogeneity",12,48,37,10,0.8,0.8,0.8,0.62
"High SES Heterogeneity",120,71,42,14,0.698979591836735,0.693877551020408,0.688775510204082,0.441326530612245
"High SES Heterogeneity",121,45,37,9,0.777777777777778,0.777777777777778,0.777777777777778,0.524691358024691
"High SES Heterogeneity",122,70,38,14,0.892857142857143,0.892857142857143,0.892857142857143,0.48469387755102
"High SES Heterogeneity",123,71,44,14,0.788265306122449,0.801020408163265,0.775510204081633,0.619897959183673
"High SES Heterogeneity",124,37,28,7,0.622448979591837,0.60204081632653,0.581632653061224,0.571428571428571
"High SES Heterogeneity",125,65,42,13,0.769230769230769,0.769230769230769,0.769230769230769,0.35207100591716
"High SES Heterogeneity",126,51,39,10,0.65,0.65,0.65,0.425
"High SES Heterogeneity",127,65,42,13,0.846153846153846,0.846153846153846,0.846153846153846,0.621301775147929
"High SES Heterogeneity",128,97,50,19,0.882271468144044,0.868421052631579,0.846260387811634,0.634349030470914
"High SES Heterogeneity",129,51,42,10,0.6,0.6,0.6,0.435
"High SES Heterogeneity",13,88,50,18,0.808641975308642,0.802469135802469,0.810185185185185,0.570987654320988
"High SES Heterogeneity",130,71,45,14,0.798469387755102,0.795918367346939,0.790816326530612,0.553571428571429
"High SES Heterogeneity",131,64,40,13,0.819526627218935,0.816568047337278,0.828402366863905,0.461538461538462
"High SES Heterogeneity",132,69,38,14,0.834183673469388,0.834183673469388,0.829081632653061,0.584183673469388
"High SES Heterogeneity",133,53,34,11,0.772727272727273,0.785123966942149,0.772727272727273,0.578512396694215
"High SES Heterogeneity",134,72,43,14,0.826530612244898,0.818877551020408,0.816326530612245,0.530612244897959
"High SES Heterogeneity",135,61,42,12,0.840277777777778,0.836805555555555,0.840277777777778,0.461805555555556
"High SES Heterogeneity",136,85,46,17,0.709342560553633,0.714532871972318,0.71280276816609,0.34083044982699
"High SES Heterogeneity",137,61,38,12,0.645833333333333,0.649305555555556,0.666666666666667,0.541666666666667
"High SES Heterogeneity",138,89,48,18,0.816358024691358,0.817901234567901,0.827160493827161,0.503086419753086
"High SES Heterogeneity",139,79,43,16,0.90625,0.90625,0.90625,0.513671875
"High SES Heterogeneity",14,60,42,12,0.635416666666667,0.604166666666667,0.576388888888889,0.465277777777778
"High SES Heterogeneity",140,51,33,10,0.71,0.71,0.675,0.49
"High SES Heterogeneity",141,48,36,10,0.65,0.65,0.65,0.47
"High SES Heterogeneity",142,96,51,19,0.789473684210526,0.789473684210526,0.789473684210526,0.373961218836565
"High SES Heterogeneity",143,75,44,15,0.753333333333333,0.755555555555556,0.733333333333333,0.575555555555556
"High SES Heterogeneity",144,61,37,12,0.798611111111111,0.770833333333333,0.767361111111111,0.357638888888889
"High SES Heterogeneity",145,78,49,16,0.890625,0.8671875,0.876953125,0.5859375
"High SES Heterogeneity",146,42,34,8,0.5078125,0.5,0.4921875,0.2890625
"High SES Heterogeneity",147,25,24,5,0.7,0.7,0.7,0.4
"High SES Heterogeneity",148,75,48,15,0.737777777777778,0.74,0.742222222222222,0.568888888888889
"High SES Heterogeneity",149,57,41,11,0.727272727272727,0.727272727272727,0.727272727272727,0.628099173553719
"High SES Heterogeneity",15,60,43,12,0.753472222222222,0.777777777777778,0.736111111111111,0.472222222222222
"High SES Heterogeneity",150,48,31,10,0.7,0.7,0.7,0.46
"High SES Heterogeneity",151,55,41,11,0.590909090909091,0.590909090909091,0.590909090909091,0.392561983471074
"High SES Heterogeneity",152,59,45,12,0.833333333333333,0.833333333333333,0.833333333333333,0.652777777777778
"High SES Heterogeneity",153,65,42,13,0.807692307692308,0.807692307692308,0.807692307692308,0.393491124260355
"High SES Heterogeneity",154,61,45,12,0.666666666666667,0.666666666666667,0.666666666666667,0.513888888888889
"High SES Heterogeneity",155,70,43,14,0.714285714285714,0.714285714285714,0.714285714285714,0.599489795918367
"High SES Heterogeneity",156,28,26,6,0.666666666666667,0.666666666666667,0.666666666666667,0.611111111111111
"High SES Heterogeneity",157,82,52,16,0.736328125,0.744140625,0.736328125,0.5
"High SES Heterogeneity",158,84,51,17,0.88235294117647,0.88235294117647,0.88235294117647,0.486159169550173
"High SES Heterogeneity",159,54,32,11,0.764462809917355,0.768595041322314,0.772727272727273,0.557851239669422
"High SES Heterogeneity",16,39,29,8,0.9375,0.9375,0.9375,0.3984375
"High SES Heterogeneity",160,61,39,12,0.770833333333333,0.760416666666667,0.767361111111111,0.701388888888889
"High SES Heterogeneity",161,73,48,15,0.786666666666667,0.771111111111111,0.777777777777778,0.435555555555556
"High SES Heterogeneity",162,68,45,14,0.75,0.75,0.75,0.474489795918367
"High SES Heterogeneity",163,64,43,13,0.751479289940828,0.736686390532544,0.724852071005917,0.408284023668639
"High SES Heterogeneity",164,49,37,10,0.8,0.8,0.8,0.61
"High SES Heterogeneity",165,56,38,11,0.702479338842975,0.694214876033058,0.702479338842975,0.582644628099174
"High SES Heterogeneity",166,47,32,9,0.777777777777778,0.777777777777778,0.777777777777778,0.5
"High SES Heterogeneity",167,49,39,10,0.725,0.7,0.7,0.385
"High SES Heterogeneity",168,83,45,17,0.795847750865052,0.794117647058824,0.76643598615917,0.622837370242215
"High SES Heterogeneity",169,57,35,11,0.847107438016529,0.838842975206612,0.818181818181818,0.611570247933884
"High SES Heterogeneity",17,64,38,13,0.588757396449704,0.582840236686391,0.591715976331361,0.322485207100592
"High SES Heterogeneity",170,55,38,11,0.727272727272727,0.727272727272727,0.727272727272727,0.479338842975207
"High SES Heterogeneity",171,65,43,13,0.674556213017752,0.701183431952663,0.695266272189349,0.535502958579882
"High SES Heterogeneity",172,40,32,8,0.75,0.75,0.75,0.4765625
"High SES Heterogeneity",173,80,45,16,0.89453125,0.896484375,0.89453125,0.6640625
"High SES Heterogeneity",174,68,39,14,0.760204081632653,0.767857142857143,0.816326530612245,0.413265306122449
"High SES Heterogeneity",175,37,34,7,0.816326530612245,0.73469387755102,0.612244897959184,0.642857142857143
"High SES Heterogeneity",176,51,36,10,0.745,0.74,0.76,0.635
"High SES Heterogeneity",177,58,41,12,0.875,0.875,0.875,0.559027777777778
"High SES Heterogeneity",178,53,37,11,0.681818181818182,0.681818181818182,0.681818181818182,0.268595041322314
"High SES Heterogeneity",179,51,36,10,0.765,0.755,0.755,0.68
"High SES Heterogeneity",18,49,41,10,0.6,0.6,0.6,0.355
"High SES Heterogeneity",180,86,48,17,0.842560553633218,0.823529411764706,0.830449826989619,0.455017301038062
"High SES Heterogeneity",181,43,36,9,0.666666666666667,0.666666666666667,0.666666666666667,0.530864197530864
"High SES Heterogeneity",182,61,44,12,0.725694444444444,0.722222222222222,0.722222222222222,0.427083333333333
"High SES Heterogeneity",183,52,37,10,0.76,0.73,0.735,0.305
"High SES Heterogeneity",184,55,37,11,0.818181818181818,0.818181818181818,0.818181818181818,0.309917355371901
"High SES Heterogeneity",185,43,27,9,0.67283950617284,0.648148148148148,0.660493827160494,0.37037037037037
"High SES Heterogeneity",186,41,31,8,0.75,0.75,0.75,0.484375
"High SES Heterogeneity",187,31,28,6,0.666666666666667,0.666666666666667,0.666666666666667,0.402777777777778
"High SES Heterogeneity",188,76,41,15,0.866666666666667,0.866666666666667,0.866666666666667,0.353333333333333
"High SES Heterogeneity",189,87,48,17,0.88235294117647,0.88235294117647,0.88235294117647,0.498269896193772
"High SES Heterogeneity",19,52,37,10,0.835,0.82,0.81,0.68
"High SES Heterogeneity",190,51,39,10,0.615,0.605,0.605,0.455
"High SES Heterogeneity",191,73,46,15,0.713333333333333,0.711111111111111,0.706666666666667,0.517777777777778
"High SES Heterogeneity",192,55,35,11,0.797520661157025,0.826446280991735,0.789256198347107,0.429752066115702
"High SES Heterogeneity",193,59,39,12,0.777777777777778,0.763888888888889,0.715277777777778,0.600694444444444
"High SES Heterogeneity",194,60,38,12,0.861111111111111,0.854166666666667,0.826388888888889,0.579861111111111
"High SES Heterogeneity",195,58,43,12,0.673611111111111,0.673611111111111,0.649305555555556,0.336805555555556
"High SES Heterogeneity",196,59,43,12,0.791666666666667,0.791666666666667,0.791666666666667,0.447916666666667
"High SES Heterogeneity",197,34,29,7,0.714285714285714,0.714285714285714,0.714285714285714,0.581632653061224
"High SES Heterogeneity",198,30,26,6,0.666666666666667,0.666666666666667,0.666666666666667,0.361111111111111
"High SES Heterogeneity",199,77,46,15,0.866666666666667,0.866666666666667,0.866666666666667,0.773333333333333
"High SES Heterogeneity",2,29,24,6,0.75,0.75,0.75,0.444444444444444
"High SES Heterogeneity",20,38,29,8,0.75,0.75,0.75,0.6171875
"High SES Heterogeneity",200,48,36,10,0.85,0.85,0.85,0.57
"High SES Heterogeneity",201,52,39,10,0.6,0.6,0.6,0.38
"High SES Heterogeneity",202,35,28,7,0.295918367346939,0.285714285714286,0.275510204081633,0.224489795918367
"High SES Heterogeneity",203,30,29,6,0.597222222222222,0.583333333333333,0.555555555555556,0.513888888888889
"High SES Heterogeneity",204,49,41,10,0.685,0.68,0.675,0.43
"High SES Heterogeneity",205,62,44,12,0.753472222222222,0.756944444444445,0.753472222222222,0.46875
"High SES Heterogeneity",206,60,40,12,0.868055555555556,0.861111111111111,0.822916666666667,0.65625
"High SES Heterogeneity",207,78,46,16,0.8671875,0.818359375,0.755859375,0.6796875
"High SES Heterogeneity",208,63,43,13,0.695266272189349,0.695266272189349,0.70414201183432,0.399408284023669
"High SES Heterogeneity",209,65,39,13,0.668639053254438,0.659763313609467,0.662721893491124,0.50887573964497
"High SES Heterogeneity",21,78,50,16,0.634765625,0.6328125,0.638671875,0.439453125
"High SES Heterogeneity",210,44,32,9,0.888888888888889,0.888888888888889,0.888888888888889,0.5
"High SES Heterogeneity",211,56,34,11,0.756198347107438,0.785123966942149,0.797520661157025,0.425619834710744
"High SES Heterogeneity",212,72,42,14,0.918367346938776,0.897959183673469,0.900510204081633,0.334183673469388
"High SES Heterogeneity",213,49,35,10,0.65,0.65,0.65,0.245
"High SES Heterogeneity",214,71,48,14,0.714285714285714,0.714285714285714,0.714285714285714,0.515306122448979
"High SES Heterogeneity",215,48,36,10,0.85,0.85,0.85,0.7
"High SES Heterogeneity",216,45,39,9,0.450617283950617,0.444444444444444,0.45679012345679,0.425925925925926
"High SES Heterogeneity",217,35,28,7,0.673469387755102,0.642857142857143,0.612244897959184,0.448979591836735
"High SES Heterogeneity",218,67,42,13,0.751479289940828,0.792899408284024,0.748520710059172,0.730769230769231
"High SES Heterogeneity",219,61,42,12,0.819444444444444,0.802083333333333,0.8125,0.392361111111111
"High SES Heterogeneity",22,44,31,9,0.790123456790123,0.802469135802469,0.796296296296296,0.518518518518518
"High SES Heterogeneity",220,41,34,8,0.671875,0.640625,0.5703125,0.578125
"High SES Heterogeneity",221,37,30,7,0.714285714285714,0.714285714285714,0.714285714285714,0.387755102040816
"High SES Heterogeneity",222,54,38,11,0.648760330578512,0.661157024793388,0.661157024793388,0.495867768595041
"High SES Heterogeneity",223,37,29,7,0.714285714285714,0.714285714285714,0.714285714285714,0.530612244897959
"High SES Heterogeneity",224,55,38,11,0.818181818181818,0.851239669421488,0.81404958677686,0.586776859504132
"High SES Heterogeneity",225,59,41,12,0.708333333333333,0.708333333333333,0.708333333333333,0.413194444444444
"High SES Heterogeneity",226,67,39,13,0.78698224852071,0.772189349112426,0.784023668639053,0.523668639053255
"High SES Heterogeneity",227,76,45,15,0.755555555555556,0.748888888888889,0.751111111111111,0.506666666666667
"High SES Heterogeneity",228,65,36,13,0.920118343195266,0.905325443786982,0.878698224852071,0.707100591715976
"High SES Heterogeneity",229,42,33,8,0.6171875,0.609375,0.6015625,0.484375
"High SES Heterogeneity",23,53,36,11,0.702479338842975,0.694214876033058,0.694214876033058,0.566115702479339
"High SES Heterogeneity",230,75,43,15,0.766666666666667,0.766666666666667,0.766666666666667,0.466666666666667
"High SES Heterogeneity",231,35,23,7,0.724489795918367,0.73469387755102,0.714285714285714,0.653061224489796
"High SES Heterogeneity",232,68,37,14,0.829081632653061,0.826530612244898,0.836734693877551,0.604591836734694
"High SES Heterogeneity",233,63,45,13,0.730769230769231,0.730769230769231,0.730769230769231,0.485207100591716
"High SES Heterogeneity",234,32,31,6,0.75,0.75,0.75,0.263888888888889
"High SES Heterogeneity",235,57,43,11,0.636363636363636,0.636363636363636,0.636363636363636,0.512396694214876
"High SES Heterogeneity",236,47,33,9,0.592592592592593,0.592592592592593,0.592592592592593,0.641975308641975
"High SES Heterogeneity",237,72,41,14,0.857142857142857,0.857142857142857,0.857142857142857,0.535714285714286
"High SES Heterogeneity",238,77,47,15,0.733333333333333,0.733333333333333,0.733333333333333,0.346666666666667
"High SES Heterogeneity",239,58,38,12,0.909722222222222,0.892361111111111,0.909722222222222,0.694444444444444
"High SES Heterogeneity",24,100,59,20,0.625,0.6225,0.62,0.25
"High SES Heterogeneity",240,52,37,10,0.87,0.86,0.815,0.61
"High SES Heterogeneity",241,72,52,14,0.540816326530612,0.545918367346939,0.520408163265306,0.512755102040816
"High SES Heterogeneity",242,59,37,12,0.590277777777778,0.590277777777778,0.600694444444445,0.381944444444444
"High SES Heterogeneity",243,55,34,11,0.809917355371901,0.826446280991735,0.851239669421488,0.392561983471074
"High SES Heterogeneity",244,44,27,9,0.703703703703704,0.679012345679012,0.611111111111111,0.561728395061728
"High SES Heterogeneity",245,68,43,14,0.793367346938776,0.790816326530612,0.803571428571428,0.443877551020408
"High SES Heterogeneity",246,77,48,15,0.724444444444444,0.74,0.691111111111111,0.648888888888889
"High SES Heterogeneity",247,35,30,7,0.714285714285714,0.714285714285714,0.714285714285714,0.397959183673469
"High SES Heterogeneity",248,47,39,9,0.716049382716049,0.728395061728395,0.740740740740741,0.561728395061728
"High SES Heterogeneity",249,58,40,12,0.90625,0.930555555555555,0.940972222222222,0.670138888888889
"High SES Heterogeneity",25,78,44,16,0.861328125,0.87109375,0.845703125,0.880859375
"High SES Heterogeneity",250,43,33,9,0.777777777777778,0.777777777777778,0.777777777777778,0.54320987654321
"High SES Heterogeneity",251,86,48,17,0.726643598615917,0.71280276816609,0.690311418685121,0.572664359861592
"High SES Heterogeneity",252,69,43,14,0.857142857142857,0.857142857142857,0.857142857142857,0.688775510204081
"High SES Heterogeneity",253,50,36,10,0.615,0.615,0.615,0.69
"High SES Heterogeneity",254,78,46,16,0.80859375,0.798828125,0.806640625,0.556640625
"High SES Heterogeneity",255,73,47,15,0.7,0.7,0.7,0.284444444444444
"High SES Heterogeneity",256,59,39,12,0.694444444444444,0.708333333333333,0.722222222222222,0.364583333333333
"High SES Heterogeneity",257,77,47,15,0.875555555555556,0.86,0.846666666666667,0.633333333333333
"High SES Heterogeneity",258,74,47,15,0.848888888888889,0.846666666666667,0.84,0.573333333333333
"High SES Heterogeneity",259,31,27,6,0.75,0.75,0.75,0.625
"High SES Heterogeneity",26,59,43,12,0.614583333333333,0.614583333333333,0.611111111111111,0.402777777777778
"High SES Heterogeneity",260,72,46,14,0.714285714285714,0.714285714285714,0.714285714285714,0.377551020408163
"High SES Heterogeneity",262,68,44,14,0.688775510204082,0.678571428571429,0.647959183673469,0.561224489795918
"High SES Heterogeneity",263,42,33,8,0.875,0.875,0.875,0.40625
"High SES Heterogeneity",264,62,43,12,0.833333333333333,0.833333333333333,0.833333333333333,0.506944444444444
"High SES Heterogeneity",265,30,23,6,0.916666666666667,0.916666666666667,0.916666666666667,0.666666666666667
"High SES Heterogeneity",266,49,36,10,0.63,0.64,0.63,0.465
"High SES Heterogeneity",267,47,30,9,0.833333333333333,0.833333333333333,0.833333333333333,0.703703703703704
"High SES Heterogeneity",268,67,38,13,0.792899408284024,0.781065088757396,0.781065088757396,0.63905325443787
"High SES Heterogeneity",269,75,46,15,0.777777777777778,0.788888888888889,0.753333333333333,0.633333333333333
"High SES Heterogeneity",27,44,34,9,0.722222222222222,0.722222222222222,0.722222222222222,0.524691358024691
"High SES Heterogeneity",270,59,42,12,0.708333333333333,0.708333333333333,0.708333333333333,0.628472222222222
"High SES Heterogeneity",271,78,43,16,0.892578125,0.884765625,0.869140625,0.6484375
"High SES Heterogeneity",272,58,38,12,0.895833333333333,0.888888888888889,0.888888888888889,0.559027777777778
"High SES Heterogeneity",273,55,39,11,0.727272727272727,0.727272727272727,0.727272727272727,0.669421487603306
"High SES Heterogeneity",274,46,34,9,0.746913580246913,0.777777777777778,0.753086419753086,0.617283950617284
"High SES Heterogeneity",275,30,31,6,0.555555555555556,0.583333333333333,0.569444444444444,0.347222222222222
"High SES Heterogeneity",276,86,44,17,0.896193771626298,0.91522491349481,0.903114186851211,0.532871972318339
"High SES Heterogeneity",277,64,37,13,0.955621301775148,0.940828402366864,0.940828402366864,0.816568047337278
"High SES Heterogeneity",278,62,36,12,0.895833333333333,0.899305555555556,0.881944444444444,0.649305555555556
"High SES Heterogeneity",279,65,41,13,0.588757396449704,0.588757396449704,0.576923076923077,0.399408284023669
"High SES Heterogeneity",28,67,39,13,0.902366863905326,0.899408284023669,0.899408284023669,0.562130177514793
"High SES Heterogeneity",280,57,34,11,0.818181818181818,0.84297520661157,0.826446280991736,0.524793388429752
"High SES Heterogeneity",281,48,36,10,0.8,0.8,0.8,0.545
"High SES Heterogeneity",282,65,41,13,0.807692307692308,0.807692307692308,0.807692307692308,0.597633136094675
"High SES Heterogeneity",283,59,40,12,0.791666666666667,0.791666666666667,0.791666666666667,0.430555555555556
"High SES Heterogeneity",284,47,30,9,0.746913580246914,0.734567901234568,0.746913580246914,0.598765432098765
"High SES Heterogeneity",285,56,32,11,0.81404958677686,0.809917355371901,0.78099173553719,0.570247933884297
"High SES Heterogeneity",286,49,40,10,0.8,0.8,0.8,0.69
"High SES Heterogeneity",287,65,43,13,0.846153846153846,0.846153846153846,0.846153846153846,0.588757396449704
"High SES Heterogeneity",288,65,39,13,0.92603550295858,0.911242603550296,0.911242603550296,0.355029585798817
"High SES Heterogeneity",289,58,34,12,0.875,0.875,0.875,0.517361111111111
"High SES Heterogeneity",29,33,31,7,0.642857142857143,0.642857142857143,0.642857142857143,0.357142857142857
"High SES Heterogeneity",290,42,29,8,0.9375,0.9375,0.9375,0.7890625
"High SES Heterogeneity",291,61,43,12,0.729166666666667,0.715277777777778,0.701388888888889,0.572916666666667
"High SES Heterogeneity",292,51,40,10,0.72,0.71,0.7,0.34
"High SES Heterogeneity",293,58,41,12,0.527777777777778,0.541666666666667,0.538194444444444,0.413194444444444
"High SES Heterogeneity",294,76,39,15,0.813333333333333,0.84,0.822222222222222,0.571111111111111
"High SES Heterogeneity",295,68,49,14,0.785714285714286,0.785714285714286,0.785714285714286,0.778061224489796
"High SES Heterogeneity",297,57,40,11,0.772727272727273,0.772727272727273,0.772727272727273,0.520661157024793
"High SES Heterogeneity",298,68,46,14,0.74234693877551,0.755102040816326,0.76530612244898,0.538265306122449
"High SES Heterogeneity",299,64,43,13,0.692307692307692,0.701183431952663,0.689349112426036,0.579881656804734
"High SES Heterogeneity",3,48,37,10,0.72,0.7,0.685,0.25
"High SES Heterogeneity",30,28,29,6,0.513888888888889,0.5,0.486111111111111,0.319444444444444
"High SES Heterogeneity",300,61,40,12,0.809027777777778,0.8125,0.805555555555556,0.635416666666667
"High SES Heterogeneity",31,71,44,14,0.839285714285714,0.839285714285714,0.829081632653061,0.538265306122449
"High SES Heterogeneity",32,77,49,15,0.766666666666667,0.766666666666667,0.766666666666667,0.508888888888889
"High SES Heterogeneity",33,51,35,10,0.85,0.855,0.845,0.335
"High SES Heterogeneity",34,47,37,9,0.746913580246914,0.740740740740741,0.703703703703704,0.62962962962963
"High SES Heterogeneity",35,58,34,12,0.708333333333333,0.715277777777778,0.708333333333333,0.479166666666667
"High SES Heterogeneity",36,49,36,10,0.725,0.715,0.705,0.515
"High SES Heterogeneity",37,74,37,15,0.808888888888889,0.806666666666667,0.82,0.526666666666667
"High SES Heterogeneity",38,44,39,9,0.58641975308642,0.555555555555556,0.54320987654321,0.45679012345679
"High SES Heterogeneity",39,66,40,13,0.72189349112426,0.72189349112426,0.683431952662722,0.798816568047337
"High SES Heterogeneity",4,58,35,12,0.868055555555556,0.864583333333333,0.850694444444444,0.739583333333333
"High SES Heterogeneity",40,44,37,9,0.555555555555556,0.561728395061728,0.555555555555556,0.395061728395062
"High SES Heterogeneity",41,76,42,15,0.726666666666667,0.726666666666667,0.697777777777778,0.655555555555556
"High SES Heterogeneity",42,59,36,12,0.763888888888889,0.760416666666667,0.743055555555556,0.465277777777778
"High SES Heterogeneity",43,32,25,6,0.777777777777778,0.75,0.791666666666667,0.430555555555556
"High SES Heterogeneity",44,49,40,10,0.7,0.7,0.7,0.545
"High SES Heterogeneity",45,30,26,6,0.5,0.5,0.5,0.263888888888889
"High SES Heterogeneity",46,89,48,18,0.816358024691358,0.814814814814815,0.79783950617284,0.532407407407407
"High SES Heterogeneity",47,47,34,9,0.833333333333333,0.833333333333333,0.833333333333333,0.567901234567901
"High SES Heterogeneity",48,59,38,12,0.75,0.75,0.75,0.475694444444444
"High SES Heterogeneity",49,71,43,14,0.823979591836735,0.834183673469388,0.836734693877551,0.505102040816326
"High SES Heterogeneity",5,67,44,13,0.769230769230769,0.769230769230769,0.769230769230769,0.662721893491124
"High SES Heterogeneity",50,50,41,10,0.775,0.75,0.75,0.465
"High SES Heterogeneity",51,73,45,15,0.757777777777778,0.755555555555556,0.755555555555556,0.637777777777778
"High SES Heterogeneity",52,45,30,9,0.888888888888889,0.888888888888889,0.888888888888889,0.697530864197531
"High SES Heterogeneity",53,42,36,8,0.640625,0.6328125,0.6328125,0.4375
"High SES Heterogeneity",54,49,33,10,0.73,0.76,0.74,0.55
"High SES Heterogeneity",55,90,50,18,0.748456790123457,0.756172839506173,0.763888888888889,0.679012345679012
"High SES Heterogeneity",56,52,38,10,0.725,0.705,0.725,0.435
"High SES Heterogeneity",57,44,33,9,0.777777777777778,0.777777777777778,0.777777777777778,0.592592592592593
"High SES Heterogeneity",58,72,47,14,0.869897959183673,0.836734693877551,0.826530612244898,0.517857142857143
"High SES Heterogeneity",59,32,30,6,0.75,0.75,0.75,0.180555555555556
"High SES Heterogeneity",6,43,31,9,0.833333333333333,0.833333333333333,0.833333333333333,0.617283950617284
"High SES Heterogeneity",60,45,36,9,0.722222222222222,0.722222222222222,0.722222222222222,0.432098765432099
"High SES Heterogeneity",61,88,50,18,0.813271604938272,0.814814814814815,0.808641975308642,0.552469135802469
"High SES Heterogeneity",62,83,42,17,0.806228373702422,0.807958477508651,0.820069204152249,0.467128027681661
"High SES Heterogeneity",63,65,46,13,0.769230769230769,0.769230769230769,0.769230769230769,0.381656804733728
"High SES Heterogeneity",64,54,38,11,0.797520661157025,0.789256198347107,0.797520661157025,0.607438016528926
"High SES Heterogeneity",65,37,29,7,0.642857142857143,0.642857142857143,0.642857142857143,0.397959183673469
"High SES Heterogeneity",66,62,42,12,0.809027777777778,0.805555555555556,0.791666666666667,0.628472222222222
"High SES Heterogeneity",67,57,40,11,0.578512396694215,0.590909090909091,0.545454545454545,0.359504132231405
"High SES Heterogeneity",68,61,43,12,0.833333333333333,0.833333333333333,0.833333333333333,0.510416666666667
"High SES Heterogeneity",69,59,42,12,0.701388888888889,0.715277777777778,0.729166666666667,0.399305555555556
"High SES Heterogeneity",7,63,35,13,0.834319526627219,0.825443786982249,0.804733727810651,0.597633136094674
"High SES Heterogeneity",70,69,46,14,0.637755102040816,0.663265306122449,0.637755102040816,0.380102040816327
"High SES Heterogeneity",71,48,37,10,0.62,0.64,0.645,0.425
"High SES Heterogeneity",72,54,38,11,0.590909090909091,0.590909090909091,0.590909090909091,0.206611570247934
"High SES Heterogeneity",73,63,44,13,0.707100591715976,0.695266272189349,0.70414201183432,0.414201183431953
"High SES Heterogeneity",74,57,38,11,0.909090909090909,0.909090909090909,0.909090909090909,0.586776859504132
"High SES Heterogeneity",75,74,41,15,0.74,0.733333333333333,0.726666666666667,0.528888888888889
"High SES Heterogeneity",76,56,39,11,0.603305785123967,0.599173553719008,0.59504132231405,0.28099173553719
"High SES Heterogeneity",77,55,35,11,0.772727272727273,0.772727272727273,0.772727272727273,0.706611570247934
"High SES Heterogeneity",78,76,41,15,0.88,0.875555555555556,0.862222222222222,0.522222222222222
"High SES Heterogeneity",79,51,39,10,0.8,0.8,0.8,0.695
"High SES Heterogeneity",8,57,41,11,0.59504132231405,0.590909090909091,0.590909090909091,0.446280991735537
"High SES Heterogeneity",80,56,38,11,0.818181818181818,0.818181818181818,0.818181818181818,0.446280991735537
"High SES Heterogeneity",81,45,37,9,0.598765432098766,0.598765432098766,0.635802469135803,0.296296296296296
"High SES Heterogeneity",82,51,37,10,0.85,0.85,0.85,0.41
"High SES Heterogeneity",83,48,35,10,0.77,0.775,0.805,0.575
"High SES Heterogeneity",84,101,54,20,0.875,0.875,0.875,0.49875
"High SES Heterogeneity",85,80,47,16,0.74609375,0.748046875,0.740234375,0.6640625
"High SES Heterogeneity",86,53,39,11,0.611570247933884,0.615702479338843,0.632231404958678,0.235537190082645
"High SES Heterogeneity",87,54,38,11,0.706611570247934,0.735537190082645,0.743801652892562,0.619834710743802
"High SES Heterogeneity",88,40,32,8,0.6875,0.6875,0.6875,0.3984375
"High SES Heterogeneity",89,87,47,17,0.941176470588235,0.941176470588235,0.941176470588235,0.643598615916955
"High SES Heterogeneity",9,66,41,13,0.884615384615385,0.884615384615385,0.884615384615385,0.63905325443787
"High SES Heterogeneity",90,66,46,13,0.692307692307692,0.692307692307692,0.692307692307692,0.467455621301775
"High SES Heterogeneity",91,77,42,15,0.933333333333333,0.933333333333333,0.933333333333333,0.762222222222222
"High SES Heterogeneity",92,95,47,19,0.894736842105263,0.894736842105263,0.894736842105263,0.595567867036011
"High SES Heterogeneity",93,69,47,14,0.808673469387755,0.823979591836735,0.831632653061225,0.461734693877551
"High SES Heterogeneity",94,50,39,10,0.65,0.65,0.65,0.61
"High SES Heterogeneity",95,73,46,15,0.866666666666667,0.866666666666667,0.866666666666667,0.533333333333333
"High SES Heterogeneity",96,79,48,16,0.775390625,0.76953125,0.7734375,0.525390625
"High SES Heterogeneity",97,51,34,10,0.765,0.755,0.78,0.505
"High SES Heterogeneity",98,69,44,14,0.670918367346939,0.653061224489796,0.653061224489796,0.451530612244898
"High SES Heterogeneity",99,47,32,9,0.722222222222222,0.722222222222222,0.722222222222222,0.320987654320988
